:020000040800F2
:10000000B0B900209104000881B10008A986000859
:100010007DB10008A7160008D1D500080000000037
:10002000000000000000000000000000D1030008F4
:1000300071270008000000002D040008A9BF000877
:10004000AF040008AF040008AF040008AF040008C4
:10005000AF040008AF040008AF040008AF040008B4
:10006000AF040008AF040008AF040008AF040008A4
:10007000AF040008AF040008AF040008AF04000894
:10008000AF040008AF040008AF040008F928000816
:1000900009290008AF040008AF040008AF040008F5
:1000A000AF04000889C10008AF040008AF040008CD
:1000B000AF040008AF040008AF040008AF04000854
:1000C000AF040008AF040008AF040008AF04000844
:1000D000AF040008AF040008AF040008AF04000834
:1000E000AF040008AF04000800000000AF040008DF
:1000F000AF040008AF040008AF040008AF04000814
:10010000AF040008AF040008AF040008AF04000803
:10011000AF04000855C60008AF040008AF0400088B
:10012000AF040008AF040008AF040008AF040008E3
:10013000AF040008AF040008AF040008AF040008D3
:1001400000000000000000000000000000000000AF
:10015000AF040008AF040008AF040008AF040008B3
:10016000AF040008AF040008AF040008AF040008A3
:10017000AF040008AF040008AF040008000000004E
:10018000AF040008AF040008AF040008AF04000883
:10019000AF040008AF040008AF040008AF04000873
:1001A000AF040008AF040008AF040008000000001E
:1001B000AF040008AF040008AF040008AF04000853
:1001C000AF040008AF0400080000000000000000B9
:1001D0000000000000000000AF0400080000000064
:1001E000000000000000000000000000000000000F
:1001F0000000000000000000AF040008AF04000889
:10020000AF040008AF04000800000000AF040008BD
:10021000AF040008AF040008AF040008AF040008F2
:10022000AF04000800000000AF0400080000000058
:10023000AF040008AF04000800000000AF0400088D
:10024000AF040008AF040008AF040008AF040008C2
:10025000AF040008AF040008AF040008AF040008B2
:10026000AF040008AF040008AF040008AF040008A2
:10027000AF040008AF040008AF040008000000004D
:10028000AF040008AF040008AF040008AF04000882
:1002900000000000AF040008AF04000800000000E8
:1002A00000000000AF040008AF040008AF0400081D
:1002B000AF040008AF040008AF04000819290008C3
:1002C000AF040008AF040008AF04000800F002F813
:1002D00000F06EF80AA090E8000C82448344AAF172
:1002E0000107DA4501D100F063F8AFF2090EBAE870
:1002F0000F0013F0010F18BFFB1A43F0010318475A
:1003000038230100682301000A444FF0000C10F864
:10031000013B13F0070408BF10F8014B1D1108BF83
:1003200010F8015B641E05D010F8016B641E01F823
:10033000016BF9D113F0080F1EBF10F8014BAD1C73
:100340000C1B09D16D1E58BF01F801CBFAD505E091
:1003500014F8016B01F8016B6D1EF9D59142D6D3EB
:1003600070470000103A24BF78C878C1FAD8520705
:1003700024BF30C830C144BF04680C60704700001F
:100380000023002400250026103A28BF78C1FBD89E
:10039000520728BF30C148BF0B6070471FB511F02E
:1003A00061FB9DE8030000F025FA1FBD10B510BDEC
:1003B00000F0B2FA1146FFF7F1FF0FF0F5F900F087
:1003C000D0FA03B4FFF7F2FF03BC00F001FB00001A
:1003D0002C4B19680868B0E8F04F80F30988BFF328
:1003E0006F8F4FF0000080F311887047000000000D
:1003F00008480068006880F308884FF0000080F328
:10040000148862B661B6BFF34F8FBFF36F8F00DF02
:1004100000BF00BF08ED00E0DFF80C00016841F408
:1004200070010160704700BF88ED00E0EFF30980C4
:10043000BFF36F8F134B1A681EF0100F08BF20ED2B
:10044000108A20E9F04F106009B44FF0500080F39B
:100450001188BFF34F8FBFF36F8F10F08DFB4FF0FC
:10046000000080F3118809BC19680868B0E8F04FF3
:100470001EF0100F08BFB0EC108A80F30988BFF39C
:100480006F8F704738040020EFF30580704700003D
:100490000A4880470A4880470A480047FEE7FEE7C7
:1004A000FEE7FEE7FEE7FEE7FEE7FEE7FEE7FEE724
:1004B00005480649064A074B70470000D528000842
:1004C0007DC00008CD020008B0590020B0B900205E
:1004D000B0790020B079002070B5064600F06EF9C2
:1004E000056806F10B0020F00704B4429CBF002011
:1004F00070BD2B466A68BAB11068A04210D304F1EF
:10050000080188423CBF5068586007D351681019F1
:1005100041601168091B016058601460101D70BDB6
:1005200013465268002AE7D12146284600F04EF9CA
:100530000028DED170BD53EA020C00F069802DE97D
:10054000F04B4FF00006002B1FBFB3FA83F503FA00
:1005500005F424FA05F65E4012BF1643B2FA82F59E
:1005600002FA05F4C5F120051EBF22FA05FC44EA93
:100570000C04203556EA044C4FEA144418BF641C9E
:100580004FF000084FF00009904271EB030C39D393
:10059000002919BFB1FA81F701FA07F6B0FA80F71E
:1005A00000FA07F6C7F120071EBF20FA07FC46EA4B
:1005B0000C062037B6FBF4FCA7EB0507103F07F04D
:1005C0001F0BCBF120060CFA0BFB2CFA06F644BFEE
:1005D000B3460026202FA4BF5E464FF0000B5BEA17
:1005E000060C08BF4FF0010B19EB0B09ABFB027CAB
:1005F00048EB0608C01B06FB02CC0BFB03CC71EBDF
:100600000C01C1E70B46024641464846BDE8F08B67
:1006100013B54FF000004FF00001AFF30080BDE8CC
:100620001C407047032A40F2308010F0030C00F0A9
:10063000158011F8013BBCF1020F624498BF11F81C
:1006400001CB00F8013B38BF11F8013BA2F10402D5
:1006500098BF00F801CB38BF00F8013B11F003034D
:1006600000F02580083AC0F0088051F8043B083AB1
:1006700051F804CBA0E80810F5E7121D5CBF51F853
:10068000043B40F8043BAFF30080D20724BF11F8CD
:10069000013B11F801CB48BF11F8012B24BF00F832
:1006A000013B00F801CB48BF00F8012B704710B5A3
:1006B000203AC0F00B80B1E81850203AA0E818505A
:1006C000B1E81850A0E81850BFF4F5AF5FEA027C1B
:1006D00024BFB1E81850A0E8185044BF18C918C08A
:1006E000BDE810405FEA827C24BF51F8043B40F82B
:1006F000043B08BF7047D20728BF31F8023B48BF10
:1007000011F8012B28BF20F8023B48BF00F8012B4D
:10071000704702F0FF0343EA032242EA024200F07C
:1007200002B84FF000020429C0F0128010F0030C50
:1007300000F01B80CCF1040CBCF1020F18BF00F8D4
:10074000012BA8BF20F8022BA1EB0C0100F00DB883
:100750005FEAC17C24BF00F8012B00F8012B48BFE1
:1007600000F8012B70474FF0000200B51346944685
:100770009646203922BFA0E80C50A0E80C50B1F1F9
:100780002001BFF4F7AF090728BFA0E80C5048BF0D
:100790000CC05DF804EB890028BF40F8042B08BFAB
:1007A000704748BF20F8022B11F0804F18BF00F8A7
:1007B000012B704770477047704700000048704732
:1007C00054590020704770477047704738B5044649
:1007D0000A4600206946AFF30080002808BF38BDF4
:1007E00002460099204600F075F8012038BD01202E
:1007F00000F08AB8F8B5AFF30080054600200C463B
:10080000102000BF0646A819A0420DD932466946FD
:100810000020AFF30080070008BF00F075F80098D3
:10082000A04218BF0546C419FFF7C8FF0560074678
:10083000F01D20F007004619284600F00AF8B442DF
:1008400008BFF8BDA21B31463868BDE8F84000F08B
:1008500041B800210160C0E90110704710207047C5
:1008600070B50446051FFFF7A9FF0068002C14BFF0
:10087000446870BD002C18BFAC423CBF2046646881
:10088000F8D301680A18AA4218BF456003D12A6844
:1008900005461144016028684119A1421CBF6C60E3
:1008A00070BD6168696021680844286070BD10B53A
:1008B00000F00CF8006810BD10B5044600F006F812
:1008C000046010BD004870474C5900200048704734
:1008D0004C590020034640688C46002818BF8842C7
:1008E0003CBF03464068F8D318681844884207D0D4
:1008F0000CF1030020F00700001D411A521A0146B6
:10090000081D0A60FFF7ACBF10B500F039F8BDE86C
:10091000104000F02FB870477546FFF7D3FFAE4682
:1009200005006946534620F00700854618B020B5FB
:10093000FFF7BEFDBDE820404FF000064FF0000776
:100940004FF000084FF0000B21F00701AC46ACE877
:10095000C009ACE8C009ACE8C009ACE8C0098D46E4
:10096000704710B50446AFF300802046BDE8104044
:10097000FFF727BD002801D000F02AB8704700001B
:1009800010B5012805D0002103A000F027F80120B0
:1009900010BD09A1F8E7000053494752544D454D99
:1009A0003A204F7574206F662068656170206D6510
:1009B0006D6F7279000000003A2048656170206D0B
:1009C000656D6F727920636F727275707465640003
:1009D00001491820ABBEFEE72600020070B50546AF
:1009E0000C460A2000E06D1C00F011F835B12878A3
:1009F0000028F8D102E0641C00F009F814B1207856
:100A00000028F8D1BDE870400A20AFF3008008B597
:100A100069468DF800000320ABBE08BD9FED201A8B
:100A2000B5EE002A00EE012A9FED1E1ABDEEC20AA5
:100A3000B5EEC02AF1EE10FA10EE100AB8BF013878
:100A400000EE100A0020B8EEC00A32EE400A9FED18
:100A5000162A20EE010ABCEEC01A11EE101A30EE72
:100A6000021AB0EB512F18BF002102EE101A41F606
:100A7000346000FE010AC0F60100B8EE422A00EB25
:100A8000810090ED011A30EE420AB7EE002A32EEF4
:100A9000402A20EE010A90ED001A02EE010A70478A
:100AA00083F9223E00000044000000C4B0B5038872
:100AB0000D88AB4256D145884C88A54252D1148846
:100AC000A3424FD15488A5424CD105FB03FC436897
:100AD00000254968B5EB9C0F506831D04FEA9C0265
:100AE000524200BF93ED000A91ED001A30EE010A68
:100AF00003F1100E01F1100400F1100580ED000A61
:100B0000013293ED010A91ED011A30EE010A80EDF8
:100B1000010A93ED020A91ED021A30EE010A80ED0E
:100B2000020A93ED030A91ED031A30EE010A7346AF
:100B3000214680ED030A2846D4D121462846734633
:100B40001CF003020CD05242B3EC010AB1EC011AC2
:100B500030EE010A051D013280ED000A2846F3D16E
:100B6000002000E0FD2040B2B0BD01804280436023
:100B7000704700002DE9F04F8BB0B0F800B0B0F82E
:100B800002E0F34540F051810B88FD229B4540F087
:100B90004D814F88BB4240F04981BBF1000F436853
:100BA00000F029816FF003004C6800EB8B08CDF852
:100BB0001CE0002700934FF07E5906945E462046C5
:100BC000BBEB060009D0B9002046FFF7CCFD0020A2
:100BD0000130874204F10404FAD104F1040AC4F894
:100BE0000090751E10D0A8EB87015046FFF7BBFDA3
:100BF000012054460130864204F10404FAD1002D4C
:100C000007F101072E46DBD1BBF1000F009BDDF899
:100C10001CE000F0F0800420CDF814B000EB8E0052
:100C200001901846ABF1010603EB8E044FEA8E02E9
:100C30001D1DCEF10001002308919FED800A77462B
:100C4000814600BF5B4580F0F58003FB0EF0B0EEFF
:100C5000403A09EB80010A9191ED001A0699B0EE35
:100C6000414A01EB800009902146304606E000BF72
:100C700091ED004A0138B0EE423A1144B5EEC04A57
:100C8000F1EE10FA0ADDB4EEC34AB0EE442AF1EEFA
:100C900010FAD8BFB0EE432A09E000BFB1EE442AF3
:100CA000B4EEC23AF1EE10FA01DBB0EE432A0028AE
:100CB000DED1B5EE402AF1EE10FA00F0BB80B0EEC6
:100CC000C13AB4EE423AF1EE10FA1CBFD84310EB31
:100CD0000B0004D0002000BF01308642FCD1B5EEED
:100CE000401AF1EE10FA00F0A580CDE90346AEEB14
:100CF000030C0A99BCF1010F4FF07E5008600AD036
:100D00000120294691ED002A82EE012A0130874216
:100D1000A1EC012AF6D1DDE9080100BF91ED002A1E
:100D200082EE012A0C1D013081ED002A2146F5D109
:100D3000ACF1010B05994FF00008DDF818A048460A
:100D4000CDF80890984505D100EB8C060AEB8E0A89
:100D500033E000BF90ED001A0A9CB0EE413ABBF1BF
:100D6000000F94ED002A01EE423A00F1040680EDF6
:100D7000003A15D00120002406EB040905EB040E0F
:100D800099ED002A9EED003A01EE432A0130874298
:100D900004F1040489ED002AEED12644DDF81CE0BC
:100DA000DDE908049AED002A94ED003A01EE432AA9
:100DB00004340130AAEC012AF4D106EB8300013996
:100DC00008F10108BED1DDF80890013F049E09F149
:100DD0000409039C03F101030198A6F101060444F0
:100DE000DDF814B005447FF42DAFB5EE401A009B3A
:100DF000F1EE10FA20D10EFB0BF1002000294FF08C
:100E000000020BD093ED000AB5EE400AF1EE10FAA5
:100E100004D101328A4203F10403F3D38A4208BFAA
:100E20006FF004000BB0BDE8F08FFD2250B20BB0A4
:100E3000BDE8F08FFB22F9E70022F7E70000000091
:100E40002DE9F04F88B0B0F802C00B889C4540F007
:100E50008880B0F800E013889E4540F08280B1F8A9
:100E60000290538899457CD14FEA9C04476804FB63
:100E700009F049680CF00305029101EB00100190A4
:100E800000202CF00303A0EB9C0107EB83060791E5
:100E90004FEA89035168C5F1000A00919FED330ABA
:100EA000CDE9039CCDE9050E0099CE4601EB800803
:100EB000DDE901BC002CB0EE401AE146384627D0EF
:100EC000624607993846B0EE401A00BF92ED002AFC
:100ED00090ED003A03EE021A1A4490ED014A92EDA9
:100EE000002A04EE021A1A4490ED025A92ED002AEA
:100EF00005EE021A1A4490ED036A92ED002A06EEFE
:100F0000021A013100F110001A44DFD1D9463046EF
:100F100055B1514690ED002A99ED003A02EE031AC0
:100F2000043001319944F5D108F1040088ED001A2C
:100F3000BEF1010E0CF1040C0BF1040B8046B9D18B
:100F4000DDF80C900598DDF810C04844DDF818E095
:100F500007EB8C07BEF1010E06EB8C06A2D1002038
:100F600000E0FD2040B208B0BDE8F08F00000000B6
:100F7000B0B503880D88AB4256D145884C88A54250
:100F800052D11488A3424FD15488A5424CD105FBBD
:100F900003FC436800254968B5EB9C0F506831D0CD
:100FA0004FEA9C02524200BF93ED000A91ED001AF5
:100FB00030EE410A03F1100E01F1100400F11005AA
:100FC00080ED000A013293ED010A91ED011A30EE35
:100FD000410A80ED010A93ED020A91ED021A30EE0A
:100FE000410A80ED020A93ED030A91ED031A30EEF7
:100FF000410A7346214680ED030A2846D4D1214692
:10100000284673461CF003020CD05242B3EC010A8E
:10101000B1EC011A30EE410A051D013280ED000AE3
:101020002846F3D1002000E0FD2040B2B0BD000012
:101030002DE9F04F83B002884B889A424DD1448805
:101040000B889C4249D10023D1F804804FEA940CCC
:10105000416804F0030ECDF80080A3EB94040294E1
:10106000140196000194CEF1000B4046BCF1000F34
:101070001ED04746029C00BF08683D463860374492
:10108000486807EB0609A85101F11000D1F808A043
:10109000013447F806A009EB0607C968374449F848
:1010A00006100146E8D101996C18014603E000BF23
:1010B000009800EB8304BEF1000F07D05D4600BF2F
:1010C00051F8040B013520603444F9D10133013A61
:1010D00008F10408CAD1002000E0FD2040B203B0AE
:1010E000BDE8F08F9FED1F1A20EE010A9FED1F2A29
:1010F000BDEEC01AB5EEC00AF1EE10FA11EE100AFC
:10110000B8BF013801EE100A0020B8EEC11A30EE67
:10111000410A9FED151A20EE010ABCEEC01A11EE2D
:10112000101A30EE021AB0EB512F18BF002102EE58
:10113000101A41F6346000FE010AC0F60100B8EE54
:10114000422A00EB810090ED011A30EE420AB7EE20
:10115000002A32EE402A20EE010A90ED001A02EE3B
:10116000010A704783F9223E00000044000000C4D9
:1011700010B501221146024803F0CCFD10BD00005D
:101180000008025810B500220121024803F0C2FDF8
:1011900010BD00000008025810B5012208210248C5
:1011A00003F0B8FD10BD00000008025810B5002281
:1011B0000821024803F0AEFD10BD000000080258EF
:1011C00010B50446FFF7DEFF922000F0A3F90622D7
:1011D0009549122000F07EF9FFF7CAFF9248407847
:1011E000000200B2904909780843904908800846F7
:1011F000B0F9000000EE100AB8EEC00A8C48D0ED3D
:10120000000A20EE200AD4ED080A20EE200A84ED20
:10121000000A8548C078000200B2834989780843F3
:10122000824908800846B0F9000000EE100AB8EEC6
:10123000C00A7F48D0ED000A20EE200AD4ED080A4B
:1012400020EE200A84ED010A77484079000200B2BE
:10125000754909790843754908800846B0F90000C6
:1012600000EE100AB8EEC00A7148D0ED000A20EE78
:10127000200AD4ED080A20EE200A84ED020AFFF7C6
:1012800095FF08226849002000F024F9FFF784FF49
:10129000654800780F284FD166480078F0B362485F
:1012A000C078000200B26049897808435F4908802D
:1012B00094ED090A0846B0F9000000EE900AF8EE35
:1012C000E00A5D4890ED001A10EE810A84ED030AF1
:1012D00055484079000200B25349097908435349FF
:1012E000088094ED0A0A0846B0F9000000EE900A62
:1012F000F8EEE00A504890ED001A10EE810A84EDF5
:10130000040A4948C079000200B247498979084374
:101310004649088094ED0B0A084600E00DE0B0F95C
:10132000000000EE900AF8EEE00A434890ED001A43
:1013300010EE810A84ED050A44E03B48C0780002C3
:1013400000B2394989780843384908800846B0F91D
:10135000000000EE100AB8EEC00A3748D0ED000ACF
:1013600020EE200A84ED030A2F484079000200B2E3
:101370002D49097908432D4908800846B0F9000035
:1013800000EE100AB8EEC00A2B48D0ED000A20EE9D
:10139000200A84ED040A2448C079000200B22249E0
:1013A00089790843214908800846B0F9000000EE19
:1013B000100AB8EEC00A2048D0ED000A20EE200A3C
:1013C00084ED050AFFF7DEFEA22000F0A3F802225A
:1013D0001549222000F07EF8FFF7CAFE1248007877
:1013E000C0001149497840EA611010490880084658
:1013F000B0F90000B0F5806F05DB08460088A0F565
:10140000006000B208800948B0F9000000EE100A40
:10141000F8EEC00AB4EE001AB3EE070A00EE810A35
:1014200084ED070A10BD0000F6040020FE04002031
:10143000B8040020C8040020BC04002070B5044695
:101440000D461C48046000201B4908700CF07AFF10
:10145000194909780843184908700DF029F8164908
:1014600009780843144908701DB1144800F01EF9AA
:101470001CE09FED130A114880ED090A9FED110A47
:1014800080ED0A0A9FED0F0A80ED0B0A9FED0E0A10
:1014900080ED0C0A90ED0C0ADFED0C0A80EE801A4C
:1014A00080ED081A9FED0A0A80ED060A02480078CE
:1014B00070BD000000050020C20400201859002063
:1014C000AC38223BB016CE393F161B41C3F51C4148
:1014D0000000204270B506460C46154646F08000D6
:1014E00000F018F806E0552000F014F82070641C95
:1014F000681EC5B2002DF6D170BD70B504460D460C
:1015000044F0800000F006F8552000F003F8287041
:1015100070BD000001B582B04FF47A70012301AABA
:1015200002A900900348006805F044FE9DF80400FD
:101530000EBD00000005002070B505460C4628468B
:10154000FFF7E8FF2046FFF7E5FF70BDD2ED020A86
:1015500092ED021AB6EE000A00EEC10AD2ED030ABD
:1015600092ED031A00EEC10AD0ED000A20EE200A27
:10157000D2ED010A92ED021A60EE810A92ED001A94
:10158000D2ED031A41EE610A90ED011A00EE810AD4
:10159000D2ED010A92ED031A60EE810A92ED001A73
:1015A000D2ED021A41EE210A90ED021A00EE810AF4
:1015B000F0EE000A20EE200A81ED000A92ED010A09
:1015C000D2ED020A20EE200AD2ED000A92ED031AB3
:1015D00000EE810AD0ED000A60EE200A92ED011AB9
:1015E000D2ED011AB6EE000A01EE610AD2ED031A3D
:1015F00092ED032AB0EE401A01EEC21AD0ED011AA4
:10160000B0EE600A01EE210AD2ED020A92ED031A51
:1016100060EE810A92ED001AD2ED011A41EE610AE4
:1016200090ED021A00EE810AF0EE000A20EE200A88
:1016300081ED010A92ED010AD2ED030A20EE200AA3
:10164000D2ED000A92ED021A00EEC10AD0ED000AB6
:1016500020EE200AD2ED020A92ED031A60EE810A12
:1016600092ED001AD2ED011A41EE210A90ED011A15
:1016700000EE810A92ED011AD2ED011AF6EE000A8F
:1016800041EE610A92ED021AD2ED021A41EE610AB0
:1016900090ED021A00EE810AF0EE000A20EE200A18
:1016A00081ED020A704700BFFEE7000070B52DED26
:1016B000048B88B0044600200690079000F092FF4B
:1016C000FE4880ED000A00BF00F08CFFFB48D0ED23
:1016D000000A30EE600AF2EE040AB4EEE00AF1EE1F
:1016E00010FA14DD9FEDF60A84ED090A9FEDF50A64
:1016F00084ED0A0A9FEDF30A84ED0B0A9FEDF20ACE
:1017000084ED0C0A9FEDF10A84ED060A5DE29FED7F
:10171000F00A00F023FF9FEDEF0A84ED0C0A9FED25
:10172000ED0A84ED090A9FEDEB0A84ED0A0A9FEDAC
:10173000E90A84ED0B0A002673E1FFF723FD9220EE
:10174000FFF7E8FE062206A91220FFF7C3FEFFF707
:101750000FFD9DF81900000200B29DF8181040EA34
:10176000010500EE105AB8EEC00ADB48D0ED000AC1
:1017700020EE200A84ED000A9DF81B00000200B252
:101780009DF81A1040EA010500EE105AB8EEC00AA2
:10179000D148D0ED000A20EE200A84ED010A9DF820
:1017A0001D00000200B29DF81C1040EA010500EE89
:1017B000105AB8EEC00AC848D0ED000A20EE200A40
:1017C00084ED020AD4ED000A60EEA00A94ED011A3D
:1017D000D4ED011A41EE210A94ED021AD4ED021A59
:1017E00041EE210AB0EE600A0CF024FDB0EE408A12
:1017F00094ED0C0A30EE080A84ED0C0AFFF7D6FCD3
:10180000082206A90020FFF765FEFFF7C5FC9DF83A
:1018100018000F2850D19DF81B00000200B29DF85F
:101820001A1040EA010500EE105AB8EEC00AAB48A3
:10183000D0ED000A20EE200A84ED030A94ED090A97
:10184000D4ED030A30EE200A84ED090A9DF81D004C
:10185000000200B29DF81C1040EA010500EE105A8B
:10186000B8EEC00A9D48D0ED000A20EE200A84EDB3
:10187000040A94ED0A0AD4ED040A30EE200A84ED3D
:101880000A0A9DF81F00000200B29DF81E1040EAEF
:10189000010500EE105AB8EEC00A9048D0ED000ADB
:1018A00020EE200A84ED050A94ED0B0AD4ED050A1A
:1018B00030EE200A84ED0B0A06BBF0EE488AB0EE4B
:1018C000489A002017E004F10C0101EB800191ED32
:1018D000000A03A901EB800181ED000A04F10C016B
:1018E00001EB800191ED000A694601EB800181ED79
:1018F000000A411CC8B20328E5DB49E0B4EEE88ADF
:10190000F1EE10FA01DDF0EE488AB4EEC98AF1EE8C
:1019100010FA01D2B0EE489A002037E004F10C0131
:1019200001EB800191ED000A03A901EB8001D1EDEB
:10193000000AB4EEE00AF1EE10FA0ADD04F10C013F
:1019400001EB800191ED000A03A901EB800181ED1B
:10195000000A04F10C0101EB800191ED000A6946D7
:1019600001EB8001D1ED000AB4EEE00AF1EE10FACD
:101970000AD204F10C0101EB800191ED000A6946E5
:1019800001EB800181ED000A411CC8B20328C5DBD0
:1019900038EEC90A524880ED000A002012E003A97F
:1019A00001EB800191ED000A694601EB8001D1ED68
:1019B000000A30EE600A4B4901EB800181ED000A1C
:1019C000411CC8B20328EADB454890ED000AF6EE58
:1019D000000AB4EEE00AF1EE10FA1BDC414890ED8B
:1019E000000ADFED410AB4EEE00AF1EE10FA11DC74
:1019F00090ED010ADFED3C0AB4EEE00AF1EE10FAD8
:101A000008DC90ED020ADFED380AB4EEE00AF1EEF0
:101A100010FA00DD0AE09FED350A00F09FFD701C12
:101A200086B2334800888642FFF687AE00BFD4ED09
:101A30000C0A2F48008800EE100AB8EE400A80EE2B
:101A4000801A84ED0C1A002015E004F1240101EB4A
:101A50008001D1ED000A2649098800EE101AB8EE7F
:101A6000400A80EE801A04F1240101EB800181ED2F
:101A7000001A411CC8B20328E7DBFFF783FBA22052
:101A8000FFF748FD022206A92220FFF723FDFFF7FA
:101A90006FFB9DF81800C0009DF8191040EA611511
:101AA000B5F5806F02DBA5F5006005B200EE105AB7
:101AB000F8EEC00AB4EE001A1CE00000F0040020AA
:101AC000AC38223BB016CE393F161B4100002042F5
:101AD0000AD7A33B00000000B8040020BC0400208B
:101AE000C40400200C5900209A99193E6F12033A41
:101AF000F4040020B3EE070A00EE810A84ED060A22
:101B000038480088401C00B236490880364890EDBD
:101B1000000AF6EE000AB4EEE00AF1EE10FA3FF722
:101B2000D3ADD4ED0C0A9FED311A70EEC10AB0EEC0
:101B3000600A0DF00AF8F6EE000AB4EEE00AF1EEE3
:101B400010FAECDC2A4890ED000A5FED190AB4EEB9
:101B5000E00AF1EE10FAE2DC90ED010A5FED1E0AF8
:101B6000B4EEE00AF1EE10FAD9DC90ED020A5FED76
:101B7000220AB4EEE00AF1EE10FAD0DCD4ED090A44
:101B8000B0EE600A0CF0E1FFDFED1A0AB4EEE00AF5
:101B9000F1EE10FAC3DCD4ED0A0AB0EE600A0CF0E4
:101BA000D4FFDFED140AB4EEE00AF1EE10FAB6DC71
:101BB000D4ED0B0AB0EE600A0CF0C7FFDFED0D0AA2
:101BC000B4EEE00AF1EE10FAA9DC00BF94ED0C0AC5
:101BD000DFED090A80EE801A84ED081A08B0BDEC2A
:101BE000048B70BDCA040020C4040020CDCC1C416D
:101BF0000C5900200AD7233CC3F51C410146374A43
:101C00000868904249D0354A18320868904244D05A
:101C1000324A3032086890423FD0304A4832086831
:101C200090423AD02D4A60320868904235D02B4A13
:101C300078320868904230D0284A90320868904242
:101C40002BD0264AA8320868904226D0244A086839
:101C5000904222D0224A1832086890421DD0204A71
:101C600030320868904218D01D4A483208689042C5
:101C700013D01B4A6032086890420ED0184A78325E
:101C80000868904209D0164A90320868904204D001
:101C9000134AA8320868904201D1012000E00020D8
:101CA000B0B10A78103A1823B2FBF3F000F0070243
:101CB0000C4B9A5CCA65032805D90A686FF30902C0
:101CC000121D8A6503E00A686FF309028A6503E062
:101CD000086820F0FF008865886D7047100002409A
:101CE00010040240141C010810B502682B4C036854
:101CF000A34222D0294C14340368A3421DD0274CA0
:101D000028340368A34218D0244C3C340368A3420F
:101D100013D0224C50340368A3420ED01F4C6434BD
:101D20000368A34209D01D4C78340368A34204D051
:101D30001A4C8C340368A34201D1012300E0002334
:101D40008BB10378083B1424B3FBF4F1144B03EB81
:101D500081030366124B8033436601F01F040123A5
:101D6000A340836618E00378103B1824B3FBF4F11A
:101D70000C4B9A4204D80B4BA83B9A4200D3083133
:101D8000094B03EB81030366074B8033436601F085
:101D90001F040123A340836610BD000008540258AD
:101DA00000580258B8040240000802400179A9B363
:101DB000082940D8204B02689A4222D01E4B143387
:101DC00002689A421DD01C4B283302689A4218D0F0
:101DD000194B3C3302689A4213D0174B50330268B8
:101DE0009A420ED0144B643302689A4209D0124BC7
:101DF000783302689A4204D00F4B8C3302689A42BF
:101E000001D1012200E000224AB14A1E0B4B03EB34
:101E10008202C266094A4032026708E00BE04A1EAD
:101E2000074B03EB8202C266054A403202674A1E34
:101E300001239340436770470854025800590258E1
:101E400000090240014600208A69D2B98A6A32B18B
:101E5000012A0DD0022A03D0032A10D10EE000BFC0
:101E6000CA6A02F08072B2F1807F00D1012007E0DF
:101E7000CA6AB2F1C07F00D1012001E000E000BFDA
:101E800036E08A69B2F5005F1BD18A6A32B1012A55
:101E900007D0022A03D0032A11D10AE000BF012093
:101EA0000EE0CA6A02F08072B2F1807F00D1012098
:101EB00006E0CA6AB2F1C07F00D1012000E000BF95
:101EC00016E08A6A32B1012A05D0022A04D0032A18
:101ED0000CD103E000BF00BF012008E0CA6A02F095
:101EE0008072B2F1807F00D1012000E000BF00BF0E
:101EF0007047000030B5384D0468AC4249D0364DCB
:101F000018350468AC4244D0334D30350468AC42D7
:101F10003FD0314D48350468AC423AD02E4D603543
:101F20000468AC4235D02C4D78350468AC4230D0D2
:101F3000294D90350468AC422BD0274DA835046854
:101F4000AC4226D0254D0468AC4222D0234D183532
:101F50000468AC421DD0214D30350468AC4218D025
:101F60001E4D48350468AC4213D01C4D60350468E2
:101F7000AC420ED0194D78350468AC4209D0174DEB
:101F800090350468AC4204D0144DA8350468AC42C6
:101F900001D1012400E0002474B104686360846806
:101FA000402C04D10468A2600468E16012E0046877
:101FB000A1600468E2600DE0046863608468402CFE
:101FC00004D10468A2600468E16003E00468A160D1
:101FD0000468E26030BD00001000024010040240BE
:101FE00000B970470170002280F834208263C26318
:101FF000C262026380F84020428000238380C38055
:10200000038143818281C38103828374C374037516
:1020100043759FED0A0A80ED060A9FED080A80EDE0
:10202000070A9FED060A80ED080A28221354292288
:1020300013542A22135400BFD3E70000000000000D
:1020400010B5044610209FED101ADFED100A9FED29
:10205000100A0DF043FB60800C209FED0E1ADFED9F
:102060000E0A9FED0B0A0DF039FBA0800021E180E4
:1020700021810C209FED091ADFED090A9FED040A6A
:102080000DF02CFB608110BDDA0F4940DA0F49C01A
:102090000000000000003442000034C2000058423A
:1020A000000058C27CB504460D4605A103C9CDE920
:1020B00000016A462946204600F0E3F87CBD000096
:1020C000FFFFFFFFFFFFFFFC10B52DED068B044661
:1020D000B0EE40AAF0EE609AB0EE418BB0EE429ABC
:1020E000B5EEC08AF1EE10FA03D29FED370AB0EEDA
:1020F000408A9FED360AB4EEC08AF1EE10FA03DD95
:102100009FED320AB0EE408AF5EEC08AF1EE10FA89
:1021100003D29FED2D0AF0EE408AB1EE040AF4EEF0
:10212000C08AF1EE10FA03DDB1EE040AF0EE408A47
:102130009FED270AB4EEC09AF1EE10FA03DD9FED91
:10214000240AB0EE409A9FED230AB4EEC09AF1EE55
:1021500010FA03D29FED1F0AB0EE409A10209FEDB7
:102160001E1ADFED1E0AB0EE4A0A0DF0B7FA6080C3
:102170000C209FED1B1ADFED1B0AB0EE690A0DF073
:10218000ADFAA0800C209FED111ADFED0F0AB0EE22
:10219000480A0DF0A3FAE0800C20B1EE041ADFED3E
:1021A0000A0AB0EE680A0DF099FA20810C209FED22
:1021B000081ADFED080AB0EE490A0DF08FFA6081C7
:1021C000BDEC068B10BD0000000000000000FA43CB
:1021D00000005842000058C2DA0F4940DA0F49C0E7
:1021E00000003442000034C2F0B502884788C7F3CB
:1021F0000B038788C7F30B04C788C7F30B05078950
:10220000C7F30B06170A0F704A701F098F7003F08F
:102210000F074FEA142C4CEA0717CF700C712F09E7
:102220004F7105F00F074FEA162C4CEA07178F7114
:10223000CE71F0BD70B58CB006460C4601A9A01C4D
:10224000FFF7D2FF2078039000200490059008202B
:10225000069000200790089009900A900B9001AA20
:1022600003A9304601F094FD05462DB9E06B401CF2
:10227000E06302F055FD206384F8405028460CB01E
:1022800070BD70B58AB005460C461646242101A8DB
:10229000FEF769FA20780190002002900390082050
:1022A000049000200590069007900890099032460F
:1022B00001A9284601F06CFD0AB070BD70B5054655
:1022C0000C46287800F00F00E07128780011A0710A
:1022D000A079012800D100E000202077A079A07724
:1022E000A079012801DD012000E000206077A878B6
:1022F000697840EA01202080E8780001297940EAE5
:10230000111060806879297901F00F0140EA0120FD
:10231000A080A8792072E879607220881021DFED12
:10232000180A9FED180A0EF08DF984ED030A6088F3
:102330000C21DFED150A9FED150A0EF083F984EDEF
:10234000040AA0880C21DFED120A9FED120A0EF09C
:1023500079F984ED050A94ED030AB5EEC00AF1EEB1
:1023600010FA08D294ED030ADFED0B0A30EE200AD2
:1023700084ED060A03E094ED030A84ED060A70BDBD
:10238000DA0F4940DA0F49C000003442000034C27D
:1023900000005842000058C2DA0FC94000B593B09F
:1023A000594B0FCBCDE91123CDE90F01564B10331B
:1023B0000FCBCDE90D23CDE90B010020079008904C
:1023C00009900A9051490870B2EE020AB5EEC00AAF
:1023D000F1EE10FA05DBF1EEC00A4D48C0ED000A3F
:1023E00005E0DFED4C0A4A48C0ED000A00BF48484E
:1023F000D0ED000AB0EE081A70EEC10AB0EE600A25
:102400000CF099FBDFED440AB4EEE00AF1EE10FAAD
:1024100004DD02203D49087013B000BD0FAB02225D
:10242000114605A8FEF7A1FB0BAB0222114603A83B
:10243000FEF79BFB07AB0222114601A8FEF795FBB6
:1024400001AA03A905A8FEF7FBFC9DED070A334886
:1024500080ED000A9DED080A80ED010A9DED090A54
:1024600080ED020A9DED0A0A80ED030ADDED070A00
:10247000B3EE031A70EEC10AB0EE600A0CF05BFB1B
:10248000DFED270AB4EEE00AF1EE10FA32DCDDED02
:10249000080AB3EE061A70EEC10AB0EE600A0CF03C
:1024A0004AFBDFED1F0AB4EEE00AF1EE10FA21DC80
:1024B000DDED090A9FED1B1A70EEC10AB0EE600A4D
:1024C0000CF039FBDFED160AB4EEE00AF1EE10FA7B
:1024D00010DCDDED0A0A9FED141A70EEC10AB0EEB1
:1024E000600A0CF028FBDFED0E0AB4EEE00AF1EE14
:1024F00010FA03DD0320054908708DE70120034928
:10250000087000BF88E70000641B01080400002079
:102510000000002000000000ACC5273704050020A3
:1025200017B7D13800002C420000484208B50848CF
:1025300040680090074900980968884204D206481C
:102540000068401C0449086002490098086008BD02
:10255000001000E0100400200C0400200C49486822
:10256000F0EE400A00BF0A494968091A01EE101A44
:10257000F8EE411A074991ED001AB8EE411A20EE23
:10258000811AF4EEC11AF1EE10FAECD37047000094
:10259000001000E00004002010B52DED028B82B089
:1025A00004460E484068019020680199081A00EE20
:1025B000100AF8EE400A0A4890ED000AB8EE400A08
:1025C00080EE801AB0EE418A01982060FFF7AEFFDE
:1025D000B0EE480A02B0BDEC028B10BD001000E066
:1025E0000004002010B52DED028B00F059F80F48C3
:1025F00090ED000AB8EE400A808800EE900AF8EEEE
:10260000600A9FED0B1A00EE810A0848C08800EEB0
:10261000900AF8EE600A9FED071A00EE810AB0EE0C
:10262000408AB0EE480ABDEC028B10BDF8030020D2
:102630006F12833ABD3786351249096841F08071BF
:10264000104A11600021104A51601146096841F09A
:10265000010111600D4941430D4A1160114609689D
:102660004FF47A72B1FBF2F10A4A11600849096825
:10267000064AB1FBF2F1084A11600021074A1160D5
:1026800070470000FCED00E0001000E040420F0049
:102690000004002004040020080400200C04002092
:1026A00038B5294840680090FFF740FF2748006888
:1026B0004FF0FF31A0FB01310098181841F10001E3
:1026C000234A03C2234800232149026803C9FDF7B6
:1026D00032FF214A03C220480CC81E48006800246B
:1026E000A2FB001503FB005002FB04021848D0E9CE
:1026F0000030591A60EB0200184AC2E9001016486F
:10270000006817490860174800231449026803C984
:10271000FDF711FF12498880084680881149096831
:1027200041430E48D0E90030591A60F100000E4ACA
:10273000C2E900100D4800230B49026803C9FDF7E8
:10274000FAFE0749C88038BD001000E00C040020E4
:102750001804002000040020200400202804002089
:10276000F8030020040400203004002008040020A6
:102770007047D2ED020A92ED021AB6EE000A00EEA0
:10278000C10AD2ED030A92ED031A00EEC10AD0EDA0
:10279000000A20EE200AD2ED010A92ED021A60EE44
:1027A000810A92ED001AD2ED031A41EE210A90ED52
:1027B000011A00EE810AD2ED010A92ED031A60EED1
:1027C000810A92ED001AD2ED021A41EE610A90EDF3
:1027D000021A00EE810AF0EE000A20EE200A81EDD6
:1027E000000A92ED010AD2ED020A20EE200AD2ED93
:1027F000000A92ED031A00EEC10AD0ED000A60EE65
:10280000200A92ED011AD2ED011AB6EE000A01EE8D
:10281000610AD2ED031A92ED032AB0EE401A01EEDE
:10282000C21AD0ED011AB0EE600A01EE210AD2ED13
:10283000020A92ED031A60EE810A92ED001AD2EDBF
:10284000011A41EE210A90ED021A00EE810AF0EE23
:10285000000A20EE200A81ED010A92ED010AD2ED74
:10286000030A20EE200AD2ED000A92ED021A00EED1
:10287000810AD0ED000A20EE200AD2ED020A92ED84
:10288000031A60EE810A92ED001AD2ED011A41EEB0
:10289000610A90ED011A00EE810A92ED011AD2ED63
:1028A000011AF6EE000A41EE610A92ED021AD2ED2B
:1028B000021A41EE610A90ED021A00EE810AF0EE72
:1028C000000A20EE200A81ED020A704772B600BFAE
:1028D000FEE700000748006840F002000549086074
:1028E00000BF04480838006800F400500028F8D001
:1028F000704700000C48025810B5024801F00CFC6B
:1029000010BD00001405002010B5024801F004FCC1
:1029100010BD0000B405002010B5024801F0FCFB1A
:1029200010BD00005406002010B501464A6B08682F
:10293000D0F884004FF6FC74A04340EA82000C6893
:10294000C4F884000868D0F8840020F47F04088F5D
:1029500044EA00400C68C4F88400886B02440868AC
:10296000D0F888004FF6FC74A04340EA82000C685F
:10297000C4F888000868D0F8880020F4FE04888F26
:1029800044EA00400C68C4F88800C86B02EB4002BF
:102990000868D0F8A0004FF6FC74A04340EA82001B
:1029A0000C68C4F8A0000868D0F8A00020F4FE0469
:1029B0004020405A44EA00400C68C4F8A000D1E925
:1029C000104004FB00220868D0F8B0004FF6FC74F9
:1029D000A04340EA82000C68C4F8B0000868D0F850
:1029E000B00020F4FE04B1F8480044EA00400C684E
:1029F000C4F8B000D1E9124004FB00220868D0F806
:102A0000AC004FF6FC74A04340EA82000C68C4F8A6
:102A1000AC00D1E9144004FB00220868D0F8F000B3
:102A20004FF6FC74A04340EA82000C68C4F8F00042
:102A30000868D0F8F00020F47C14B1F8580044EA9B
:102A400000400C68C4F8F000886D02EB4002086892
:102A5000D0F8C0004FF6FC74A04340EA82000C6836
:102A6000C4F8C0000868D0F8C00020F47C14B1F8A5
:102A70005C0044EA00400C68C4F8C0000868D0F864
:102A8000C00020F07C5491F8600044EA00600C68BB
:102A9000C4F8C0002A4C486B04EB8000C866CC6EBA
:102AA000886B04EB80040C670C6FC86B04EBC004EC
:102AB0004C67D1E9100460434C6F04EB80048C67D1
:102AC000D1E9120460438C6F04EB8004CC67D1E938
:102AD00014046043CC6F04EB8004802044504458BD
:102AE000886D04EBC004842044508C6EC86D604334
:102AF0008424645804EB8004882044508C6E086E53
:102B000060438824645804EB80049020445040586B
:102B10000C4CA04209D99831486840F02000486028
:102B2000032001F89809012010BDCB6E02E00020BF
:102B300018601B1D902040589842F8D80020F3E7F9
:102B400000AC0040FCD300402DE9F041054614469E
:102B50001E46D1F804C0BCF1000F0AD1D1F810C054
:102B6000D1F808804CEA080CB1F800804CEA8843A0
:102B70000BE0D1F810C04CF0804CD1F808804CEA42
:102B8000080CD1F800804CEA080391F82080D1F8B5
:102B90001CC04CEA086CD1F818804CEA080CD1F83B
:102BA00014804CEA080CB1F80C804CEA0847D5F8C0
:102BB00068C00CFB06FCD5F8848008EB8C0213601F
:102BC000121D1760121D002019E000F1030C14F80B
:102BD0000CC04FEA0C6800F1020C14F80CC048EA73
:102BE0000C4800F1010C14F80CC048EA0C2C14F845
:102BF00000804CEA080CC2F800C0121D001DDFF86E
:102C00001480D1F80CC018F80CC08445DDD8BDE89C
:102C1000F08100001C1C01082DE9F04704460F4616
:102C200090461E46DDF820904FF0000AA0688028EC
:102C300004D1400060654FF0010A75E100BF94F8CF
:102C40003400012802D10220BDE8F087012084F879
:102C5000340000BF94F8350001287DD1022084F8AB
:102C6000350000206065B1492068884249D0AF49ED
:102C700018312068884244D0AC49303120688842FD
:102C80003FD0AA494831206888423AD0A7496031EC
:102C90002068884235D0A54978312068884230D0F4
:102CA000A2499031206888422BD0A049A8312068E1
:102CB000884226D09E492068884222D09C491831FB
:102CC000206888421DD09A4930312068884218D047
:102CD000974948312068884213D09549603120686F
:102CE00088420ED0924978312068884209D09049B4
:102CF00090312068884204D08D49A83120688842EC
:102D000001D1012000E0002090B12068006840F46B
:102D100080202168086020680661A06D00F1080528
:102D200094F85C0000F01F013F208840286011E00B
:102D30002068006848F22001084321680860206884
:102D40000661A06D051D94F85C0000F01F010120D4
:102D500088402860754900E0E1E02068884270D032
:102D600072491831206888426BD070493031206830
:102D7000884266D06D4948312068884261D06B49ED
:102D80006031206888425CD0684978312068884288
:102D900057D0664990312068884252D06349A831A3
:102DA000206888424DD062492068884249D06049F5
:102DB00018312068884244D05D493031206888420B
:102DC0003FD05B494831206888423AD05849603149
:102DD0002068884235D0564978312068884230D002
:102DE00053499031206888422BD05149A83120683E
:102DF000884226D04F492068884222D04D4914315C
:102E0000206888421DD04B4928312068884218D05C
:102E100048493C312068884213D0464950312068E7
:102E200088420ED0434964312068884209D0414924
:102E300078312068884204D03E498C31206888422D
:102E400001D1012000E0002068B14B4642463946DE
:102E50002046FFF74FF8D4E919104860E06E10B132
:102E6000D4E91C10486031492068884249D02F4974
:102E700018312068884244D02C493031206888427B
:102E80003FD02A494831206888423AD027496031EA
:102E90002068884235D0254978312068884230D072
:102EA00022499031206888422BD02049A8312068DF
:102EB000884226D01E492068884222D01C491831F9
:102EC000206888421DD01A4930312068884218D0C5
:102ED000174948312068884213D01549603120686D
:102EE00088420ED0124978312068884209D01049B2
:102EF00090312068884204D00D49A831206888426A
:102F000006D12068006840F00100216808600BE0ED
:102F10002068006840F001002168086004E04FF478
:102F2000006060654FF0010A50468DE610000240D7
:102F300010040240085402582DE9F041044601F003
:102F4000EFFE804614B90120BDE8F08194F8350009
:102F5000022808D08020606500BF002084F834007B
:102F600000BF0120F0E7FE492068884249D0FC49B3
:102F700018312068884244D0F949303120688842AD
:102F80003FD0F7494831206888423AD0F44960314F
:102F90002068884235D0F24978312068884230D0A4
:102FA000EF499031206888422BD0ED49A831206844
:102FB000884226D0EB492068884222D0E94918315E
:102FC000206888421DD0E74930312068884218D0F7
:102FD000E44948312068884213D0E24960312068D2
:102FE00088420ED0DF4978312068884209D0DD4917
:102FF00090312068884204D0DA49A831206888429C
:1030000006D12068006820F001002168086005E012
:103010002068006820F0010021680860D04920681D
:10302000884249D0CE4918312068884244D0CC49E2
:103030003031206888423FD0C949483120688842F1
:103040003AD0C74960312068884235D0C4497831C8
:103050002068884230D0C2499031206888422BD005
:10306000BF49A8312068884226D0BE4920688842DE
:1030700022D0BC491831206888421DD0B94930316E
:103080002068884218D0B74948312068884213D058
:10309000B4496031206888420ED0B2497831206846
:1030A000884209D0AF4990312068884204D0AD49A8
:1030B000A8312068884201D1012000E0002068B1D9
:1030C0002068006820F01E002168086020684069C0
:1030D00020F0800021684861256806E020680068CB
:1030E00020F00E002168086025689D49206888420C
:1030F00070D09B491831206888426BD09849303194
:103100002068884266D0964948312068884261D05C
:1031100093496031206888425CD0914978312068B9
:10312000884257D08E4990312068884252D08C49CD
:10313000A831206888424DD08A492068884249D009
:10314000884918312068884244D086493031206847
:1031500088423FD083494831206888423AD081492B
:1031600060312068884235D07E49783120688842B5
:1031700030D07C499031206888422BD07949A831E1
:103180002068884226D078492068884222D0764933
:103190001431206888421DD0734928312068884244
:1031A00018D071493C312068884213D06E495031A3
:1031B000206888420ED06C4964312068884209D06A
:1031C000694978312068884204D067498C31206889
:1031D000884201D1012000E0002028B1206E006863
:1031E00020F48070216E086011E001F099FDA0EBE1
:1031F000080005280BD920206065032084F83500DD
:1032000000BF002084F8340000BF01209CE628683D
:1032100000F001000028E8D151492068884249D0D7
:103220004F4918312068884244D04D4930312068D8
:1032300088423FD04A494831206888423AD04849BC
:1032400060312068884235D045497831206888420D
:1032500030D043499031206888422BD04049A83172
:103260002068884226D03F492068884222D03D49C4
:103270001831206888421DD03A4930312068884290
:1032800018D0384948312068884213D03549603118
:10329000206888420ED0334978312068884209D0AE
:1032A000304990312068884204D02E49A8312068E6
:1032B000884201D1012000E0002040B1A66D94F8C1
:1032C0005C0000F01F013F208840B06007E0A76D60
:1032D00094F85C0000F01F010120884078602049CC
:1032E0002068884276D01E4918312068884271D003
:1032F0001B493031206888426CD019494831206818
:10330000884267D0164960312068884262D01449EB
:103310007831206888425DD0114990312068884218
:1033200058D00F49A8312068884253D00D492068F1
:1033300088424FD00B491831206888424AD0094949
:1033400030312068884245D006494831206888429B
:1033500040D004496031206888423BD0014905E0F3
:1033600010000240100402400854025878312068CE
:1033700088422FD02549206888422BD02349183114
:103380002068884226D022492068884222D02049DD
:103390001431206888421DD01D4928312068884298
:1033A00018D01B493C312068884213D0184950314D
:1033B000206888420ED0164964312068884209D0BE
:1033C000134978312068884204D011498C31206833
:1033D000884201D1012000E0002068B1D4E9191031
:1033E0004860E06E40B1E06E006820F48070E16EED
:1033F0000860D4E91C104860012084F8350000BF43
:10340000002084F8340000BF00BF9DE5A004024006
:103410000854025870B504460CB9012070BD94F8E8
:103420003500022803D0802060650120F6E7DC49E2
:103430002068884249D0DA4918312068884244D04F
:10344000D7493031206888423FD0D549483120687B
:1034500088423AD0D24960312068884235D0D0497C
:1034600078312068884230D0CD4990312068884238
:103470002BD0CB49A8312068884226D0C949206882
:10348000884222D0C7491831206888421DD0C549DA
:1034900030312068884218D0C249483120688842BB
:1034A00013D0C0496031206888420ED0BD497831C0
:1034B0002068884209D0BB4990312068884204D0F6
:1034C000B849A8312068884201D1012000E00020DD
:1034D000F0B3042084F83500B149206888424BD00D
:1034E000AF4918312068884246D0AD493031206854
:1034F000884241D0AA494831206888423CD0A84936
:1035000060312068884237D0A549783120688842E8
:1035100032D0A3499031206888422DD0A049A831EB
:103520002068884228D09F492068884224D09D493D
:103530001831206888421FD09A493031206888426B
:103540001AD0984948312068884215D0954900E042
:1035500020E06031206888420ED09249783120689E
:10356000884209D08F4990312068884204D08D4923
:10357000A8312068884206D12068006820F0010048
:103580002168086009E12068006820F001002168D6
:10359000086002E182492068884249D08049183198
:1035A0002068884244D07E493031206888423FD02C
:1035B0007B494831206888423AD079496031206897
:1035C000884235D0764978312068884230D07449B5
:1035D0009031206888422BD07149A83120688842F8
:1035E00026D070492068884222D06E491831206860
:1035F00088421DD06B4930312068884218D0694913
:1036000048312068884213D066496031206888427A
:103610000ED0644978312068884209D061499031E0
:103620002068884204D05F49A8312068884206D1CA
:103630002068006820F001002168086005E020682B
:10364000006820F00100216808602068006820F010
:103650000E002168086052492068884270D05049A5
:103660001831206888426BD04D493031206888423B
:1036700066D04B4948312068884261D04849603162
:10368000206888425CD0464978312068884257D00B
:10369000434990312068884252D04149A83120687E
:1036A00088424DD03F492068884249D03D49183171
:1036B0002068884244D03B493031206888423FD05E
:1036C00038494831206888423AD03649603120680C
:1036D000884235D0334978312068884230D031492A
:1036E0009031206888422BD02E49A831206888422A
:1036F00026D02D492068884222D02B4914312068D9
:1037000088421DD0284928312068884218D026498F
:103710003C312068884213D02349503120688842C8
:103720000ED0214964312068884209D01E49783181
:103730002068884204D01C498C312068884201D11D
:10374000012000E00020D8B1206E006820F48070D5
:10375000216E0860A56D94F85C0000F01F01012047
:1037600088406860D4E919104860E06E40B1E06EAE
:10377000006820F48070E16E0860D4E91C10486095
:10378000012084F8350000BF002084F8340000BF19
:10379000206D10B12046216D884700203EE60000D4
:1037A0001000024010040240085402582DE9F04174
:1037B000044601F0B5FA804614B90120BDE8F08155
:1037C000FE492068884249D0FC4918312068884267
:1037D00044D0FA493031206888423FD0F749483117
:1037E000206888423AD0F54960312068884235D057
:1037F000F24978312068884230D0F0499031206811
:1038000088422BD0ED49A8312068884226D0EC4967
:103810002068884222D0EA491831206888421DD0A9
:10382000E74930312068884218D0E549483120689E
:10383000884213D0E2496031206888420ED0E049C6
:1038400078312068884209D0DD499031206888426B
:1038500004D0DB49A8312068884201D1012000E072
:103860000020002873D0606A00B100BF022084F8F5
:10387000350000BF002084F8340000BFCF49206825
:10388000884249D0CD4918312068884244D0CB497C
:103890003031206888423FD0C8494831206888428A
:1038A0003AD0C64960312068884235D0C349783162
:1038B0002068884230D0C1499031206888422BD09E
:1038C000BE49A8312068884226D0BD492068884278
:1038D00022D0BB491831206888421DD0B849303108
:1038E0002068884218D0B64948312068884213D0F1
:1038F000B3496031206888420ED0B14978312068E0
:10390000884209D0AE4990312068884204D0AC4941
:10391000A8312068884206D12068006820F00100A4
:103920002168086005E02068006820F00100216837
:1039300008600DE001F0F4F9A0EB0800052807D9B4
:1039400020206065032084F83500012036E769E017
:103950002068006800F001000028EBD120680568AD
:1039600098480540D4E90201084321690843616988
:103970000843A1690843E1690843216A08430543F4
:10398000606A042803D1D4E90B0108430543606849
:10399000292802D360682E2817D960683F2802D3EF
:1039A0006068422811D96068472802D360684828B7
:1039B0000BD960684F2802D36068522805D9606827
:1039C000742804D36068772801D8012000E0002023
:1039D00008B145F48015206805602068456925F028
:1039E0000705606A0543606A04280DD1A06A054393
:1039F000E06A48B12046FEF725FA28B1402060650C
:103A0000012084F83500D9E6206845612046FEF79C
:103A1000F5F8064694F85C0000F01F013F2088404E
:103A2000B0609EE068492068884222D0664914311F
:103A3000206888421DD0644928312068884218D007
:103A400061493C312068884213D05F495031206879
:103A500088420ED05C4964312068884209D05A49B6
:103A600078312068884204D057498C3120688842D8
:103A700001D1012000E00020E0B3534920688842D2
:103A800022D051491431206888421DD04E49283136
:103A90002068884218D04C493C312068884213D0B5
:103AA00049495031206888420ED047496431206826
:103AB000884209D0444978312068884204D042497C
:103AC0008C312068884201D1012000E0002000B143
:103AD00000BF022084F8350000BF002084F83400C5
:103AE00000BF2068056839480540A068402802D119
:103AF000102106E02EE0A068802801D1C10100E07D
:103B00000021E06841EAD001206941EAD001606902
:103B100041EAD001A06941EAD001E06941EAD0015F
:103B2000206A41EA10100543206805602649206894
:103B3000401A1421B0FBF1F08000E0652046FEF74A
:103B40005DF8074694F85C0000F01F0101208840F2
:103B5000786006E040206065032084F8350001208D
:103B60002CE61649206888427AD01449183120681A
:103B7000884275D0114930312068884270D00F4991
:103B80004831206888426BD00C49603120688842F7
:103B900066D00A4978312068884261D0074990315F
:103BA000206888425CD00549A8312068884257D0F7
:103BB00003492068884253D0014909E010000240BF
:103BC000100402403F8010FE085402580F00FEFF10
:103BD00018312068884243D03749206888423FD056
:103BE00035491831206888423AD03349303120684D
:103BF000884235D0304948312068884230D02E493B
:103C00006031206888422BD02B4978312068884267
:103C100026D02A492068884222D0284914312068B9
:103C200088421DD0254928312068884218D0234970
:103C30003C312068884213D02049503120688842A6
:103C40000ED01E4964312068884209D01B49783162
:103C50002068884204D019498C312068884201D1FB
:103C6000012000E0002000B32046FEF73DF8A068E8
:103C7000802801D1002060602079216E0860D4E99D
:103C800019104860606860B16068082809D820464B
:103C9000FEF78CF80020E16E0860D4E91C10486043
:103CA00003E00020E0662067606700206065012077
:103CB00084F83500002081E5400402400854025891
:103CC00070B5044601F02CF806462546681C10B174
:103CD00004480078054400BF01F022F8801BA84288
:103CE000FAD370BD2400002030B5034693F8984005
:103CF000012C01D0022C3ED11868806D084030B9EB
:103D00001868C06D40F001001D68E8650EE0186895
:103D1000806D0840884206D11868C06D40F00200EE
:103D20001D68E86502E003201D68E86501F4007085
:103D300030B11868D0F8E00010431D68C5F8E00005
:103D400001F4806030B11868D0F8E40010431D68B9
:103D5000C5F8E40000BF1868406D0B4D0D402843C6
:103D60001D6868650948006840EA9170074D286041
:103D700000BF002030BDD3F89C0040F00200C3F823
:103D80009C000120F6E70000FFFFCF3F14A8004091
:103D90002DE9F04104460E461746706800B900E070
:103DA00000BF94F89800022832D12068D0F8C000F3
:103DB00000F07C5040B9D4F89C0040F02000C4F8DA
:103DC0009C000120BDE8F0812068D0F8C40000F418
:103DD000001038B1D4F89C0040F40070C4F89C0086
:103DE0000120EFE72068D0F8C400C0F304452B465B
:103DF0003A4631462046FEF7A7FE0120A84021683A
:103E0000C1F8D0000120A840C4F894000020D9E7F0
:103E1000D4F89C0040F00800C4F89C000120D1E7D1
:103E20007047F0B5024692F89860012E01D0022E3C
:103E300043D1C868072800D100BF086818BBC8680C
:103E4000072800D000BFC86807280BD1088A4FF0A8
:103E5000605747EA0040CF6940EA07208F6940EA8F
:103E600007030AE0087A80070F7B40EAC7600F8AE1
:103E700040EA07404F6940EA0703D76E486807EBFE
:103E80008004236017E0C868072800D000BF0F7BBC
:103E9000086940EA4773C868072801D18D6903E0C3
:103EA0000F7A486940EA8775176F486807EBC004C6
:103EB0002360241D25600020F0BDD2F89C0040F056
:103EC0000200C2F89C000120F6E770B50446049D8C
:103ED00094F8980001280AD1080140EA820040EADB
:103EE000430028432668C6F88000002070BDD4F83F
:103EF0009C0040F00400C4F89C000120F6E77047E5
:103F0000704700002DE9F04304460D469C4600230F
:103F100094F89880B8F1020F7ED1402D3FD12068EF
:103F2000D0F8A00000F4FE0040B9D4F89C0040F0A6
:103F30002000C4F89C000120BDE8F0832068D0F880
:103F4000A40000F07F0038B9D4F89C0040F48070E1
:103F5000C4F89C000120EFE72068D0F8A400C0F36B
:103F600005232068D0F8A400C0F3006080B1206869
:103F7000D0F8A0004FF00109B9EBD07F08D120683C
:103F8000D0F8A000C0F3064003F1010900EA0903DC
:103F9000606C5843D4F8749009EB800153E0412DD4
:103FA00040D12068D0F8B00000F4FE0038B9D4F851
:103FB0009C0040F02000C4F89C000120BCE7206871
:103FC000D0F8B40000F07F0038B9D4F89C0040F479
:103FD0008070C4F89C000120AEE72068D0F8B400DF
:103FE000C0F305232068D0F8B400C0F3006080B1AE
:103FF0002068D0F8B0004FF00109B9EBD07F08D1AC
:104000002068D0F8B000C0F3064003F1010900EACF
:104010000903E06C584300E072E0D4F8789009EBB3
:10402000800110E0206DA84207D8D4F89C0040F031
:104030002000C4F89C0001207EE7606D6843D4F83E
:104040007C9009EB8001086800F080405060506867
:1040500020B90868C0F38A40106003E0086820F0C7
:1040600060401060086800F000509060086800F040
:1040700000401061091D088880B2D0610868C0F353
:104080000340D060086800F480105061086800F4B4
:10409000001090610868C0F3066010620868C00FE5
:1040A0005062091D0F46002603E0B85D0CF80600BB
:1040B000761CDFF85C90D06819F80000B042F4D8A4
:1040C000402D03D12068C0F8A83017E0412D03D15E
:1040D0002068C0F8B83011E0202D06D20120A84099
:1040E000D4F80090C9F8980008E005F01F090120F5
:1040F00000FA09F0D4F80090C9F89C0000201BE7F2
:10410000D4F89C0040F00800C4F89C00012013E79C
:104110001C1C0108704700002DE9F04F8DB00446CB
:10412000EF4800688707EE48001D006807EA8077BF
:104130002068006D00F470482068406D00EA0808AF
:104140002068006D00F00F092068406D00EA090941
:104150002068006D00F0F00A2068406D00EA0A0A4D
:104160002068006D00F0715B2068406D00EA0B0B69
:104170002068006D00F060700C902068406D0C9914
:1041800008400C902068456D2068066DC5F300203E
:1041900070B1C6F3002058B100BF4FF480702168A1
:1041A00008650020CE49086000BF2046FFF7B2FF37
:1041B000C5F38020C8B1C6F38020B0B12068D0F824
:1041C000DC000A902068D0F8E4000A9908400A90C0
:1041D00000BF4FF48060216808650020C049086076
:1041E00000BF20460A9900F092FC67B100BFBD48AD
:1041F000384021680865B80FB949086000BF3946E2
:104200002046FFF70DFEB8F1000F0ED000BFB548F5
:1042100008EA0000216808654FEA9870B049086014
:1042200000BF4146204600F074FCB9F1000F0ED0EB
:1042300000BFAC4809EA0000216808654FEA9970A0
:10424000A749086000BF4946204600F0C7FBBAF105
:10425000000F0ED000BFA3480AEA000021680865DD
:104260004FEA9A709E49086000BF5146204600F010
:104270002DFCC5F3C02070B1C6F3C02058B100BFFB
:104280004FF400602168086500209549086000BF70
:10429000204600F03FFCC5F34020C8B1C6F34020E3
:1042A000B0B12068D0F8D8000B902068D0F8E000BA
:1042B0000B9908400B9000BF4FF40070216808650F
:1042C00000208749086000BF20460B9900F020FCC1
:1042D000C5F3C04070B1C6F3C04058B100BF4FF441
:1042E00000202168086500207D49086000BF204645
:1042F00000F072FBC5F3004070B1C6F3004058B146
:1043000000BF4FF4803021680865002074490860C0
:1043100000BF204600F0FAFBC5F3804070B1C6F341
:10432000804058B100BF4FF480202168086500200C
:104330006B49086000BF204600F0E7FBC5F3404032
:1043400088B1C6F3404070B100BF4FF4003021681F
:10435000086500206249086000BFD4F89C0040F066
:104360008000C4F89C000C9870B100BF5D490C98A7
:104370000840216808650C98800F5949086000BF03
:1043800020460C99FFF7BCFDBBF1000F10D000BF19
:1043900054480BEA0000216808654FEA9B705049B9
:1043A000086000BFD4F89C0040EA0B00C4F89C00F1
:1043B0004D49206888427DD16068806800F0030024
:1043C000002877D06068006A00F00F0009906068EC
:1043D000406A0999084009906068006A00F030005E
:1043E00008906068406A0899084008906068006A10
:1043F00000F4C07007906068406A07990840079011
:104400006068006A00F4FC4006906068406A0699A3
:10441000084006906068006A00F4F020059060682B
:10442000406A0599084005906068406A029060689B
:10443000006A0190099830B10998616808622046C5
:10444000099900F05FFB089830B10898616808622C
:104450002046089900F058FB0298C0F38010A0B1E4
:104460000198C0F3801080B16068C06B000C0490AC
:104470006068C06B00F03F000390402061680862F4
:104480002046DDE9032100F03EFB079830B1079894
:10449000616808622046079900F033FB069840B136
:1044A000069861680862D4F89C0006990843C4F82D
:1044B0009C0000E00AE0059840B105986168086238
:1044C000D4F89C0005990843C4F89C00D4F89C00DB
:1044D00010B12046FFF713FD0DB0BDE8F08F0000CE
:1044E00010A80040FFFFCF3F00A0004070B594B07F
:1044F00004464C22B34901A8FCF7D9F814B90120AD
:1045000014B070BDB0492068884203D1206800F51E
:1045100080706060A068B0F5407F00D100BF206C63
:1045200000B100BFA06C00B100BF206D00B100BFA2
:10453000206E00B100BFD4E91710084400B100BFDD
:1045400094F8980028B9002084F89900204600F0DB
:104550003DF92068806920F010002168886100F032
:10456000DFFB05460EE000F0DBFB401B0A2809D903
:104570009834606840F001006060032004F89809F6
:104580000120BDE72068806900F008000828EAD013
:104590002068806940F001002168886100F0C0FB5C
:1045A00005460EE000F0BCFB401B0A2809D99834F0
:1045B000606840F001006060032004F89809012061
:1045C0009EE72068806900F001000028EAD020689A
:1045D000806940F0020021688861207C012806D1B2
:1045E0002068806920F040002168886105E020682B
:1045F000806940F0400021688861607C012806D114
:104600002068806940F480402168886105E0206866
:10461000806920F4804021688861A07C012806D14F
:104620002068806920F480502168886105E0206856
:10463000806940F48050216888612068806920F496
:104640004070A1680843216888612068806920F073
:10465000A400216888612068006920F010002168AA
:104660000861E068012806D12068806940F00400F4
:104670002168886120E0E068F0B1E068022815D088
:104680002068806940F080002168886120680069A6
:1046900040F0100021680861E06803280CD1206810
:1046A000806940F020002168886105E02068806909
:1046B00040F0200021688861207E401E4106E069AC
:1046C000401E41EA0020216A491E0843A18A491E72
:1046D00040EA01402168C861A068B0F5407F0FD171
:1046E000A06A401EE16A491E40EA0121206B401E7B
:1046F00041EA0011A08C401E41EA00402168C860D8
:10470000206E38B12068D0F8C000616E084321687F
:10471000C1F8C000D4E91710084460B12068D0F88F
:10472000C80020F0070001AAA16E52F8211008432A
:104730002168C1F8C800206C60B12068D0F8BC00C6
:1047400020F0070001AA616C52F82110084321688B
:10475000C1F8BC00A06C68B12068D0F8BC0020F0A3
:10476000700101AAE06C52F8200041EA00102168B3
:10477000C1F8BC00206D68B12068D0F8BC0020F4FE
:10478000E06101AA606D52F8200041EA0020216832
:10479000C1F8BC000C492068884205D16068806877
:1047A00020F0030061688860002044F8940FA06046
:1047B00001202071943C2046FEF7B6F806463046AC
:1047C0009EE600002C1C010800A0004010B5B6B009
:1047D0000446142130A8FBF7C6FFB82102A8FBF756
:1047E000C2FF76492068884249D14FF40041002039
:1047F000CDE902101D9002A800F060FE08B1FEF79E
:1048000065F86F480068401C6D49086008460068FC
:1048100001280DD100BF6B48006840F480706949E1
:1048200008600846006800F48070019000BF00BF77
:1048300000BF64480C38006840F0080061490C393A
:1048400008600846006800F00800019000BF00BF43
:1048500003203090022031900020329003203390CA
:104860000920349030A9584800F056F9002205215B
:10487000132000F05FFB132000F048FB9BE053493E
:104880002068884249D14FF400410020CDE9021050
:104890001D9002A800F012FE08B1FEF717F8484874
:1048A0000068401C464908600846006801280DD190
:1048B00000BF4448006840F48070424908600846E0
:1048C000006800F48070019000BF00BF00BF3D4849
:1048D0000C38006840F002003A490C39086008467C
:1048E000006800F00200019000BF00BF602030901F
:1048F0000220319000203290032033900920349020
:1049000030A9334800F008F900220521142000F0F6
:1049100011FB142000F0FAFA4DE02E49206888427D
:1049200049D14FF400410020CDE902101D9002A8AA
:1049300000F0C4FD08B1FDF7C9FF21480068401C24
:104940001F4908600846006801280DD100BF1D48B6
:10495000006840F480701B4908600846006800F455
:104960008070019000BF00BF00BF16480C3800687F
:1049700040F0080013490C3908600846006800F050
:104980000800019000BF00BF4FF44050309002205B
:10499000319000203290032033900520349030A9CC
:1049A000094800F0B9F8002205219F2000F0C2FA62
:1049B0009F2000F0ABFA36B010BD000000A0004010
:1049C00018000020EC440258000C025800A40040DB
:1049D0000004025800D400407047000030B58DB08C
:1049E00005460C4604F0010000286AD060E00398F8
:1049F000112806D0122817D0132829D0142855D1F1
:104A00003DE0314901A8FDF759FC01202E490C3940
:104A100081F8340000F084F92B490C39C86208464B
:104A2000806B401C886342E02749443101A8FDF7B0
:104A300045FC012124480C3880F8781000F070F90A
:104A400021490C3908670846C06F401CC8672EE032
:104A50001D49883101A8FDF731FC01211A480C38A5
:104A600080F8BC1000F05CF917490C39C1F8B400AB
:104A70000846D0F8C000401CC1F8C00017E0124939
:104A8000CC3101A8FDF71AFC01210F480C3880F841
:104A9000001100F045F90C490C39C1F8F80008463E
:104AA000D0F80401401CC1F8040100E000BF00BFC1
:104AB00001AB03AA40212846FFF724FA002896D02C
:104AC00000BF0DB030BD00002C090020704701462A
:104AD00091F8980001280CD1022081F8980008680C
:104AE000806920F001000A6890610020C1F89C00F4
:104AF0007047D1F89C0040F00400C1F89C000120F0
:104B0000F6E77047704770477047704770477047C7
:104B10007047704770470000F8B502460023714D9A
:104B2000DAE001279F400E6806EA0704002C7AD0DD
:104B30000E7906F00306012E04D00E7906F0030666
:104B4000022E13D190685F000326BE40B0435F0081
:104B5000CE68BE4030439060506801269E40B0430E
:104B60000E79C6F300169E40304350600E7906F071
:104B70000306032E07D10E7906F00306032E0CD18F
:104B80008E68012E09D0D0685F000326BE40B04376
:104B90005F008E68BE403043D0600E7906F0030699
:104BA000022E13D1DF0802F1200656F827005E0717
:104BB000F70E0F26BE40B0435F07FF0E0E69BE40E2
:104BC0003043DF0802F1200646F8270010685F0036
:104BD0000326BE40B0430E7906F003065F00BE40D8
:104BE000304310604E6806F44036002E73D000BF8C
:104BF0003D4E366846F002063B4F3E603E46366804
:104C000006F00206009600BF00BF384E9F0856F817
:104C100027009E07370F0F26BE40B043344EB242E6
:104C200002D1002629E056E0324EB24201D10126DF
:104C300023E0314EB24201D102261EE02F4EB24295
:104C400001D1032619E02E4EB24201D1042614E010
:104C50002C4EB24201D105260FE02B4EB24201D1BB
:104C600006260AE0294EB24201D1072605E0284E69
:104C7000B24201D1092600E00A269F073F0FBE403D
:104C800030431A4E9F0846F827004FF0B046306870
:104C9000A0434E6806F4801606B120434FF0B0469C
:104CA00030607068A0434E6806F4001606B12043D9
:104CB0004FF0B04670606868A0434E6806F4003656
:104CC00006B1204368602868A0434E6806F4803629
:104CD00006B1204328605B1C0E68DE40002E7FF486
:104CE00020AFF8BD80000058F44402580804005872
:104CF000000002580004025800080258000C025834
:104D0000001002580014025800180258001C0258E3
:104D1000002402580AB1816101E00B0483617047ED
:104D200001480068704700001C000020034800682C
:104D30000349097808440149086070471C000020B5
:104D40002400002010B5032000F032F901F02AFC05
:104D500010490968C1F303210F4A515C01F01F019A
:104D600020FA01F40B48006800F00F001146085CBF
:104D700000F01F0024FA00F00849086008480460A9
:104D80000F2000F00FF808B1012010BD00F0A6F8C8
:104D90000020FAE718440258A01C01082C0000204B
:104DA0002800002070B58AB00446102C0AD20022D8
:104DB0002146192000F0BEF8192000F0A7F8194884
:104DC000046002E001200AB070BD00BF1648006810
:104DD00040F00100144908600846006800F0010036
:104DE000009000BF00BF01A902A801F05BFB01F029
:104DF000C7FB45000D48B5FBF0F0461E0C480D49B9
:104E0000086040F2E7310B48C16046600021016153
:104E1000816002F079FC18B9064802F0ADFCD2E7D7
:104E20000120D0E720000020F044025840420F004B
:104E300000000140D40800204178154A116014494F
:104E40000831096821F00101114A08321160121F6E
:104E500041681160017B0907C27A41EA0261827AE6
:104E600041EAC241427B41EA8241827B41EA4241BE
:104E7000C27B41EA0241427A41EA0221027A41EAD6
:104E8000420102781143024A083211607047000063
:104E900098ED00E0BFF35F8F0548006820F4803094
:104EA0000349086000200249703108607047000023
:104EB00024ED00E040F00101074A11600649703915
:104EC000096841F48031044A703A1160BFF34F8F92
:104ED000BFF36F8F7047000094ED00E008B500BF8E
:104EE0000948006840F00200074908600846006869
:104EF00000F00200009000BF00BF00220F21901EB2
:104F000000F018F808BD0000F444025801460846B5
:104F100000280DDB00BF00BF00F01F0301229A40F4
:104F200043099B0003F1E023C3F8002100BF00BF49
:104F300000BF70472DE9F05F80460D46164608F029
:104F400099FC074639462A46334601F00700C0F16E
:104F5000070ABAF1040F02D94FF0040A01E0C0F1C8
:104F6000070AD14600F1040ABAF1070F02D24FF046
:104F7000000A01E0A0F1030AD4464FF0010A0AFA40
:104F800009FAAAF1010A0AEA020A0AFA0CFA4FF02F
:104F9000010B0BFA0CFBABF1010B0BEA030B4AEA1A
:104FA0000B042146404608F06DFCBDE8F09F000070
:104FB00000BF00F00702064B19684FF6FF031940C7
:104FC000044B0B4343EA0221014B196000BF7047B9
:104FD0000CED00E00000FA0570B5044615480068C5
:104FE000C0F3800048B91348006800F00700A042F1
:104FF00001D0012070BD0020FCE70E48006820F0C1
:10500000070020430B490860FFF78AFE054607E0CA
:10501000FFF786FE401BB0F57A7F01D90120E9E752
:10502000044808380068C0F340300028F0D0002061
:10503000E0E700000C48025810B501F069FA054994
:105040000968C1F30211044A515C01F01F01C84014
:1050500010BD000020440258A01C010870B5014694
:10506000844D2D6805F00303824D2D68C5F305308E
:10507000804D2D1D2D68C5F300147E4D14352D680F
:10508000C5F3CC0515FB04F501EE105AB8EE411A34
:10509000F0EE410A00286FD023B1012B4ED0022B35
:1050A0006BD16BE0734D283D2D68C5F340153DB3C2
:1050B000704D283D2D68C5F3C1066F4D25FA06F2E7
:1050C00001EE102AF8EE411A01EE100AB8EE411A6C
:1050D00081EE812A9FED691AC0EE811A654D103567
:1050E0002D68C5F3080501EE105AB8EE411A31EEED
:1050F000811AF7EE001A31EE211A22EE010A1CE0A5
:1051000001EE100AB8EE411ADFED5D1A81EE812A38
:105110009FED5A1AC0EE811A564D10352D68C5F311
:10512000080501EE105AB8EE411A31EE811AF7EE79
:10513000001A31EE211A22EE010A5BE001EE100A9C
:10514000B8EE411ADFED4F1A81EE812A9FED4B1A1E
:10515000C0EE811A474D10352D68C5F3080501EEE4
:10516000105AB8EE411A31EE811AF7EE001A31EEFC
:10517000211A22EE010A3DE077E01DE001EE100A5F
:10518000B8EE411A9FED402AC2EE011A9FED3B1A7C
:1051900080EE812A374D10352D68C5F3080501EEE4
:1051A000105AB8EE411A32EE011AB7EE002A31EE6B
:1051B000021A21EE810A1DE001EE100AB8EE411A32
:1051C000DFED301A81EE812A9FED2C1AC0EE811A94
:1051D000284D10352D68C5F3080501EE105AB8EEBC
:1051E000411A31EE811AF7EE001A31EE211A22EE41
:1051F000010A00BF00BF1F4D10352D68C5F34625BD
:1052000001EE105AB8EE411AF7EE001A31EE211AEB
:10521000C0EE011ABCEEE11A81ED001A154D1035F1
:105220002D68C5F3064501EE105AB8EE411AF7EEA7
:10523000001A31EE211AC0EE011ABCEEE11A81ED1E
:10524000011A0C4D10352D68C5F3066501EE105A94
:10525000B8EE411AF7EE001A31EE211AC0EE011A2B
:10526000BCEEE11A81ED021A03E000250D604D60ED
:105270008D6070BD284402580090D00300000046A5
:105280000024744C0024744A001BB74B70B50146CF
:10529000844D2D6805F00303824D2D68C5F305503C
:1052A000804D2D1D2D68C5F300247E4D1C352D68C5
:1052B000C5F3CC0515FB04F501EE105AB8EE411A02
:1052C000F0EE410A00286FD023B1012B4ED0022B03
:1052D0006BD16BE0734D283D2D68C5F340153DB390
:1052E000704D283D2D68C5F3C1066F4D25FA06F2B5
:1052F00001EE102AF8EE411A01EE100AB8EE411A3A
:1053000081EE812A9FED691AC0EE811A654D18352C
:105310002D68C5F3080501EE105AB8EE411A31EEBA
:10532000811AF7EE001A31EE211A22EE010A1CE072
:1053300001EE100AB8EE411ADFED5D1A81EE812A06
:105340009FED5A1AC0EE811A564D18352D68C5F3D7
:10535000080501EE105AB8EE411A31EE811AF7EE47
:10536000001A31EE211A22EE010A5BE001EE100A6A
:10537000B8EE411ADFED4F1A81EE812A9FED4B1AEC
:10538000C0EE811A474D18352D68C5F3080501EEAA
:10539000105AB8EE411A31EE811AF7EE001A31EECA
:1053A000211A22EE010A3DE077E01DE001EE100A2D
:1053B000B8EE411A9FED402AC2EE011A9FED3B1A4A
:1053C00080EE812A374D18352D68C5F3080501EEAA
:1053D000105AB8EE411A32EE011AB7EE002A31EE39
:1053E000021A21EE810A1DE001EE100AB8EE411A00
:1053F000DFED301A81EE812A9FED2C1AC0EE811A62
:10540000284D18352D68C5F3080501EE105AB8EE81
:10541000411A31EE811AF7EE001A31EE211A22EE0E
:10542000010A00BF00BF1F4D18352D68C5F3462582
:1054300001EE105AB8EE411AF7EE001A31EE211AB9
:10544000C0EE011ABCEEE11A81ED001A154D1835B7
:105450002D68C5F3064501EE105AB8EE411AF7EE75
:10546000001A31EE211AC0EE011ABCEEE11A81EDEC
:10547000011A0C4D18352D68C5F3066501EE105A5A
:10548000B8EE411AF7EE001A31EE211AC0EE011AF9
:10549000BCEEE11A81ED021A03E000250D604D60BB
:1054A0008D6070BD284402580090D0030000004673
:1054B0000024744C0024744A001BB74B2DE9F041C2
:1054C00004460025A8464FF00062D4E900101140C0
:1054D0000020134659404040014331D1606E48B12D
:1054E000B0F5801F0DD0B0F5001F11D0B0F5401FF2
:1054F00016D114E0FE48006840F40030FC49086012
:1055000010E0022104F1080006F076F9054609E0F2
:10551000022104F1280006F021FA054602E001E02C
:10552000012500BF00BF55B9F1482430006820F4C0
:105530004010616E0843EE492431086000E0A8463F
:105540004FF48072D4E900101140002013465940F6
:10555000404001432ED1A06D05281BD2DFE800F0AA
:10556000030A11181900E248006840F40030E049CD
:10557000086011E0002104F1080006F03DF905463D
:105580000AE0002104F1280006F0E8F9054603E0EE
:1055900002E001E0012500BF00BF55B9D448243026
:1055A000006820F00700A16D0843D149243108604C
:1055B00000E0A8464FF48062D4E9001011400020BA
:1055C00013465940404001433DD1D4F8A400B0F502
:1055D000C00F24D007DC68B1B0F5001F11D0B0F5C2
:1055E000800F1FD114E0B0F5000F19D0B0F5200FD7
:1055F00018D116E0BE48006840F40030BC4908608D
:1056000012E0002104F1080006F0F6F805460BE070
:10561000002104F1280006F0A1F9054604E003E0AA
:1056200002E001E0012500BF00BF5DB9B0482C30A9
:10563000006820F46000D4F8A4100843AC492C3171
:10564000086000E0A8464FF40062D4E90001104071
:10565000002113465840494008433DD1D4F8A800E2
:10566000B0F1407F24D007DC68B1B0F1807F11D069
:10567000B0F1007F1FD114E0B0F1806F19D0B0F10C
:10568000A06F18D116E09A48006840F4003098499D
:10569000086012E0002104F1080006F0ADF80546AC
:1056A0000BE0002104F1280006F058F9054604E05B
:1056B00003E002E001E0012500BF00BF5DB98C48B6
:1056C0002C30006820F0E060D4F8A8100843884926
:1056D0002C31086000E0A8464FF00073D4E90010B8
:1056E0001940002059404040014328D1E06CA8B146
:1056F000102804D0202809D0302810D10DE07C4893
:10570000006840F400307A4908600AE0022104F1A0
:10571000080006F071F8054603E002E001E001250B
:1057200000BF00BF55B972482030006820F030003B
:10573000E16C08436E492031086000E0A8464FF450
:105740008053D4E9001019400020594040400143E3
:1057500037D1E06DB0F5005F1AD004DC50B1B0F580
:10576000805F1ED10DE0B0F5405F18D0B0F5804FDE
:1057700017D115E05E48006840F400305C490860CD
:1057800011E0002104F1080006F036F805460AE0B1
:10579000002104F1280006F0E1F8054603E002E0EC
:1057A00001E0012500BF00BF55B951482430006811
:1057B00020F4E040E16D08434D492431086000E0E9
:1057C000A8464FF40053D4E9001019400020594076
:1057D0004040014335D1206EB0F5403F1ED007DC7C
:1057E00068B1B0F5803F0BD0B0F5003F19D10EE0A5
:1057F000B0F5802F13D0B0F5A02F12D110E012E039
:10580000012104F1080005F0F7FF05460BE0012136
:1058100004F1280006F0A2F8054604E003E002E0E7
:1058200001E0012500BF00BF55B9314824300068B0
:1058300020F4E020216E08432D492431086000E067
:10584000A8464FF48042D4E90001104000211346DD
:1058500058404940084337D1D4F8AC00B0F1405F1C
:105860001ED007DC68B1B0F1805F0BD0B0F1005FF3
:1058700019D10EE0B0F1804F13D0B0F1A04F12D18A
:1058800010E012E0012104F1080005F0B5FF054623
:105890000BE0012104F1280006F060F8054604E061
:1058A00003E002E001E0012500BF00BF5DB9104840
:1058B0002C30006820F0E040D4F8AC1008430C49CC
:1058C0002C31086000E0A8464FF40043D4E9000101
:1058D000184000215840494008432AD1E06EB8B131
:1058E000B0F1805F06D0B0F1005F12D109E0000096
:1058F0002C440258F948006840F40030F749086029
:1059000009E0012104F1080005F076FF054602E0F8
:1059100001E0012500BF00BF55B9F0482430006800
:1059200020F04050E16E0843EC492431086000E06B
:10593000A8464FF08073D4E9001019400020594068
:105940004040014328D1A06CA8B1012804D002280E
:1059500009D0032810D10DE0E048006840F4003081
:10596000DE4908600AE0022104F1080005F044FF66
:10597000054603E002E001E0012500BF00BF55B984
:10598000D6482030006820F00300A16C0843D349BA
:105990002031086000E0A8464FF48003D4E90010ED
:1059A000194000205940404001437DD1CC48006857
:1059B00040F48070CA490860FFF7B2F9064606E075
:1059C000FFF7AEF9801B642801D9032505E0C44820
:1059D000006800F480700028F2D000BF85BBBF488B
:1059E0004430006800F44070B4F8B01001F4407125
:1059F000884213D0B9484430006820F44077B74853
:105A00004430006840F48030B449443108600846AE
:105A1000006820F48030086008460760D4F8B000C1
:105A2000B0F5807F15D1FFF77BF9064609E0FFF757
:105A300077F9801B41F28831884202D9032507E0BB
:105A400038E0A64844300068C0F340000028EED09B
:105A500000BF55BB00BFB4F8B00000F44070B0F513
:105A6000407F0ED19D481C38006820F47C519D4A2F
:105A7000D4F8B000104041EA101098491C39086071
:105A800007E096481C38006820F47C5093491C3984
:105A90000860924844300068B4F8B010C1F30B01BC
:105AA00008438E49443101E005E001E0086002E06E
:105AB000A84600E0A8460122D4E9000110400021D8
:105AC000134658404940084330D1A06F18281AD0D7
:105AD00005DC48B1082808D0102817D10CE0202890
:105AE00012D0282812D110E012E0012104F10800A0
:105AF00005F082FE05460BE0012104F1280005F0C7
:105B00002DFF054604E003E002E001E0012500BFAF
:105B100000BF55B971482830006820F03800A16FE7
:105B200008436E492831086000E0A8460223D4E902
:105B300000101940002059404040014329D1606FB6
:105B4000062816D2DFE800F003040B12131412E04B
:105B5000012104F1080005F04FFE05460BE001218C
:105B600004F1280005F0FAFE054604E003E002E037
:105B700001E0012500BF00BF55B958482830006832
:105B800020F00700616F084354492831086000E0A5
:105B9000A8460422D4E900101140002013465940C1
:105BA000404001432BD1D4F89000062816D2DFE8FC
:105BB00000F003040B12131412E0012104F1080099
:105BC00005F01AFE05460BE0012104F1280005F05E
:105BD000C5FE054604E003E002E001E0012500BF48
:105BE00000BF5DB93D482C30006820F00700D4F8B4
:105BF0009010084339492C31086000E0A846202362
:105C0000D4E900011840002158404940084337D1E9
:105C1000D4F88C00B0F1405F1ED007DC68B1B0F161
:105C2000805F0BD0B0F1005F19D10EE0B0F1804F72
:105C300013D0B0F1A04F12D110E012E0002104F116
:105C4000080005F0D9FD05460BE0022104F128000B
:105C500005F084FE054604E003E002E001E00125D2
:105C600000BF00BF5DB91D482830006820F0E0404B
:105C7000D4F88C10084319492831086000E0A84680
:105C80004023D4E90010194000205940404001430E
:105C90003CD1D4F89800B0F5406F25D007DC68B14E
:105CA000B0F5806F0BD0B0F5006F20D10EE0B0F5ED
:105CB000805F1AD0B0F5A05F19D117E019E000217C
:105CC00004F1080005F098FD054612E0022104F1F8
:105CD000280005F043FE05460BE000002C44025866
:105CE00000480258FFFCFF0F03E002E001E001253D
:105CF00000BF00BF4DB9FE48006820F4E050D4F862
:105D000098100843FA49086000E0A8468023D4E9C7
:105D100000101940002059404040014335D1D4F8CB
:105D20009C00B0F5C04F1ED007DC68B1B0F5005F35
:105D30000BD0B0F5804F19D10EE0B0F5004F13D065
:105D4000B0F5204F12D110E012E0002104F108005C
:105D500005F052FD05460BE0022104F1280005F094
:105D6000FDFD054604E003E002E001E0012500BF7F
:105D700000BF4DB9DE48006820F46040D4F89C10A4
:105D80000843DB49086000E0A8460823D4E9000185
:105D90001840002158404940084317D1D4F88000EA
:105DA000B0F5805F07D1022104F1280005F0D6FD8F
:105DB00008B14FF00108CE48001F006820F44050A1
:105DC000D4F880100843CA49091F08601023D4E999
:105DD00000011840002158404940084315D1D4F82B
:105DE0009400B0F5807F07D1022104F1280005F06E
:105DF000B5FD08B14FF00108BD48006820F44070BF
:105E0000D4F894100843BA4908604FF40023D4E949
:105E100000011840002158404940084327D1D4F8D8
:105E2000A00030B1B0F5803F0AD0B0F5003F0FD1EF
:105E30000DE0002104F1080005F0DEFC054609E054
:105E4000022104F1280005F089FD054602E001E089
:105E5000012500BF00BF4DB9A548006820F44030BF
:105E6000D4F8A0100843A249086000E0A8464FF407
:105E70008023D4E9000118400021584049400843DC
:105E80002DD1D4F88400B0F5801F06D0B0F5001FE6
:105E90000CD0B0F5401F11D10FE095482C380068A8
:105EA00040F4003092492C39086009E0012104F1E6
:105EB000280005F053FD054602E001E0012500BF82
:105EC00000BF5DB98A48001F006820F44010D4F874
:105ED000841008438649091F086000E0A8464FF473
:105EE0008032D4E900011040002113465840494057
:105EF000084325D1206D18B1B0F5803F10D108E0DE
:105F00007B482C38006840F4003079492C3908600F
:105F100008E0022104F1080005F06EFC054601E0EE
:105F2000012500BF00BF55B971480C38006820F446
:105F30008030216D08436E490C39086000E0A846A6
:105F40004FF00053D4E90010194000205940404060
:105F5000014307D1022104F1280005F0FFFC08B13C
:105F60004FF001084FF40032D4E900011040002145
:105F7000134658404940084327D1E06FA0B1B0F51F
:105F8000807F06D0B0F5007F0CD0B0F5407F0CD1FB
:105F900009E057482C38006840F4003054492C3947
:105FA000086004E003E002E001E0012500BF00BF5B
:105FB00055B94F48001F006820F44070E16F084356
:105FC0004B49091F086000E0A8464FF48012D4E94D
:105FD000001011400020134659404040014309D1B0
:105FE00043480838006820F00040216F08434049CA
:105FF000083908604FF40013D4E90001184000216B
:1060000058404940084309D139480838006820F011
:106010008070A16E08433649083908604FF080430C
:10602000D4E900101940002059404040014311D1EB
:1060300000BF2F484838006820F400402C494839F8
:10604000086008460068D4F8B41008432849483965
:10605000086000BF4FF00042D4E900011040002169
:10606000134658404940084309D121480C3800687C
:1060700020F04050616D08431D490C3908604FF411
:106080000002D4E90010114000201346594040405E
:1060900001430AD11648001F006820F44000D4F8DC
:1060A000881008431249091F086001220021606816
:1060B000104049405040014306D104F1080005F06A
:1060C0009BFB054605B1A8460222002160681040EE
:1060D00049405040014307D1012104F1080005F077
:1060E0008BFB054605B1A84604230020616801E04A
:1060F000584402581940042240405140084307D1F7
:10610000022104F1080005F077FB054605B1A84619
:10611000082300206168194008224040514008438C
:1061200007D1002104F1280005F018FC054605B14F
:10613000A8461023002061681940102240405140B9
:10614000084307D1012104F1280005F007FC0546AA
:1061500005B1A84620220021606810404940504007
:10616000014307D1022104F1280005F0F7FB0546A1
:1061700005B1A846B8F1000F02D10020BDE8F081BA
:106180000120FBE72DE9F04104460D4614B901203A
:10619000BDE8F081BD48006800F00F00A8420ED2B3
:1061A000BA48006820F00F002843B8490860084644
:1061B000006800F00F00A84201D00120E8E7207835
:1061C00000F0040004280ED1B1492069096801F0EB
:1061D0007001884207D9AE48006820F0700021693C
:1061E0000843AB490860207800F00800082811D166
:1061F000A749091D6069096801F07001884209D941
:10620000A348001D006820F0700061690843A049A0
:10621000091D0860207800F01000102811D19C4959
:10622000091DA069096801F4E061884209D998480C
:10623000001D006820F4E060A16908439449091D2D
:106240000860207800F02000202811D19049083102
:10625000E069096801F07001884209D98C4808306A
:10626000006820F07000E16908438949083108603E
:10627000207800F0020002280ED18549E068096804
:1062800001F00F01884207D98148006820F00F0013
:10629000E16808437E490860207800F0010000288A
:1062A00050D07B48006820F47060A16808437849AA
:1062B00008606068022807D1754818380068C0F384
:1062C0004040F8B9012063E76068032807D17048AF
:1062D00018380068C0F34060A0B9012058E7606832
:1062E000012807D16A4818380068C0F3002048B96F
:1062F00001204DE7664818380068C0F3800008B9EF
:10630000012045E762480838006820F0070061680E
:1063100008435F4908390860FEF702FD064608E0B9
:10632000FEF7FEFC801B41F28831884201D9032030
:106330002EE757480838006800F038006168B0EB75
:10634000C10FEDD1207800F0020002280ED1504993
:10635000E068096801F00F01884207D24C480068E4
:1063600020F00F00E1680843494908604748006889
:1063700000F00F00A8420ED94448006820F00F003A
:106380002843424908600846006800F00F00A84210
:1063900001D00120FCE6207800F0040004280ED192
:1063A0003B492069096801F07001884207D23848EA
:1063B000006820F0700021690843354908602078A2
:1063C00000F00800082811D13149091D60690968E9
:1063D00001F07001884209D22D48001D006820F0AC
:1063E0007000616908432A49091D0860207800F09F
:1063F0001000102811D12649091DA069096801F46F
:10640000E061884209D22248001D006820F4E06063
:10641000A16908431E49091D0860207800F020008A
:10642000202811D11A490831E069096801F070018A
:10643000884209D216480830006820F07000E169EF
:10644000084313490831086000F0ACF810490968A6
:10645000C1F303210F4A515C01F01F0120FA01F73B
:106460000B48006800F00F001146085C00F01F00A8
:1064700027FA00F0084908600848076008480068E3
:10648000FEF790FC8046404682E600000020005265
:1064900018440258A01C01082C00002028000020ED
:1064A000200000203F220260174A126802F0070213
:1064B0004260154A0832126802F470628260124A21
:1064C0000832126802F00F02C2600F4A08321268E6
:1064D00002F0700202610C4A0C32126802F0700283
:1064E0004261094A0C32126802F4E0628261064A93
:1064F0001032126802F07002C261044A126802F09F
:106500000F020A6070470000104402580020005239
:1065100010B500F047F80D490968C1F303210C4A92
:10652000515C01F01F0120FA01F40848006800F0F6
:106530000F001146085C00F01F0024FA00F0054926
:106540000860054804600846006810BD18440258F9
:10655000A01C01082C0000202800002000B5FFF737
:10656000D7FF05490968C1F30211044A515C01F0E3
:106570001F01C84000BD00001C440258A01C0108B7
:1065800000B5FFF7C5FF05490968C1F30221044AB8
:10659000515C01F01F01C84000BD00001C440258BE
:1065A000A01C0108F0B5824E366806F0380636B1F8
:1065B000082E15D0102E15D0182E7DD114E07C4E4B
:1065C000103E3668C6F3401646B1794E103E366826
:1065D000C6F3C107774E26FA07F000E07548E5E0FC
:1065E0007548E3E07548E1E0714E1836366806F00C
:1065F00003046F4E18363668C6F305116C4E1C3610
:10660000366806F001056A4E24363668C6F3CC06B5
:1066100016FB05F601EE106AB8EE410A002971D0AA
:1066200024B1012C50D0022C6DD16DE0604E103E93
:106630003668C6F340163EB35D4E103E3668C6F36C
:10664000C1075C4E26FA07F301EE103AF8EE411A44
:1066500001EE101AB8EE411A81EE812A9FED581A08
:10666000C0EE011A524E20363668C6F3080601EE17
:10667000106AB8EE411A31EE811AF7EE001A31EEC7
:10668000211A62EE010A1EE001EE101AB8EE411A5C
:10669000DFED4C1A81EE812A9FED491AC0EE011AF6
:1066A000434E20363668C6F3080601EE106AB8EE8F
:1066B000411A31EE811A00E076E0F7EE001A31EE71
:1066C000211A62EE010A5BE001EE101AB8EE411ADF
:1066D0009FED3D2AC2EE011A9FED391A80EE012A84
:1066E000334E20363668C6F3080601EE106AB8EE5F
:1066F000411A32EE011AB7EE002A31EE021A61EEAB
:10670000810A3DE04EE01DE001EE101AB8EE411A9C
:10671000DFED2E1A81EE812A9FED291AC0EE011AB3
:10672000234E20363668C6F3080601EE106AB8EE2E
:10673000411A31EE811AF7EE001A31EE211A62EE9B
:10674000010A1DE001EE101AB8EE411A9FED1E2A53
:10675000C2EE011A9FED1A1A80EE012A144E20365D
:106760003668C6F3080601EE106AB8EE411A32EE3A
:10677000011AB7EE002A31EE021A61EE810A00BF5B
:1067800000BF0B4E20363668C6F34626721C01EE5B
:10679000102AB8EE411AC0EE811ABCEEE11A11EED1
:1067A000100A00E0002001E0034800BF00BFF0BD78
:1067B000104402580090D00300093D0000366E01DD
:1067C000000000460024744C0024744A001BB74BA0
:1067D0002DE9F047044614B90120BDE8F087207880
:1067E00000F00100002870D0F948006800F0380877
:1067F000F7481830D0F80090B8F1100F06D0B8F173
:10680000180F0FD109F0030002280BD1F0481038FF
:106810000068C0F3404000286AD06068002867D153
:106820000120DAE700BF6068B0F5803F08D1E84892
:106830001038006840F48030E549103908602EE0D7
:10684000606868B9E2481038006820F48030E04998
:10685000103908600846006820F4802008601EE0B7
:106860006068B0F5A02F0DD1D9481038006840F409
:106870008020D749103908600846006840F480300D
:1068800008600CE0D2481038006820F48030D0490D
:10689000103908600846006820F48020086000BFB6
:1068A000606898B1FEF73CFA054606E0FEF738FA54
:1068B000401B642801D903208FE7C54810380068C1
:1068C000C0F340400028F1D012E012E0FEF728FAB1
:1068D000054606E0FEF724FA401B642801D9032090
:1068E0007BE7BB4810380068C0F340400028F1D176
:1068F00000BF207800F00200022879D1B448006877
:1069000000F03808B2481830D0F80090B8F1000F05
:1069100005D0B8F1180F35D109F0030088BBAC4899
:1069200010380068C0F3800018B1E06808B9012091
:1069300053E7A7481038006820F01900E1680843C1
:10694000A34910390860FEF7EBF9054606E0FEF7AB
:10695000E7F9401B022801D903203EE79C48103884
:106960000068C0F380000028F1D099480C38006816
:1069700020F0FE40217C40EA016095490C39086016
:1069800045E0FFE7E06838B391481038006820F030
:106990001900E16808438E4910390860FEF7C0F914
:1069A000054606E0FEF7BCF9401B022801D903208A
:1069B00013E7874810380068C0F380000028F1D042
:1069C00083480C38006820F0FE40217C40EA0160DA
:1069D0007F490C3908601AE07D481038006820F0C3
:1069E00001007B4910390860FEF79AF9054607E077
:1069F0000EE0FEF795F9401B022801D90320ECE6D2
:106A0000734810380068C0F380000028F1D100BF3F
:106A1000207800F0100010286FD16D48006800F059
:106A200038086B481830D0F80090B8F1080F06D03D
:106A3000B8F1180F1CD109F00300012818D16448DF
:106A400010380068C0F3002020B1E069802801D030
:106A50000120C2E600BF5E48001F006820F07C50A5
:106A600094F8201040EA01605949091F086043E08A
:106A7000E06938B356481038006840F08000544947
:106A800010390860FEF74CF9054606E0FEF748F9B4
:106A9000401B022801D903209FE64D4810380068AA
:106AA000C0F300200028F1D000BF4948001F006853
:106AB00020F07C5094F8201040EA01604449091FFE
:106AC000086019E042481038006820F08000404912
:106AD00010390860FEF724F9054606E0FEF720F9B4
:106AE000401B022801D9032077E639481038006896
:106AF000C0F300200028F1D100BF207800F008008A
:106B0000082836D16069D0B131486430006840F05F
:106B100001002F4964310860FEF702F9054606E0DE
:106B2000FEF7FEF8401B022801D9032055E628484D
:106B300064300068C0F340000028F1D019E0244818
:106B40006430006820F00100214964310860FEF7DC
:106B5000E7F8054606E0FEF7E3F8401B022801D9F6
:106B600003203AE61A4864300068C0F34000002869
:106B7000F1D1207800F02000202838D1A069D0B1D0
:106B800013481038006840F48050114910390860EB
:106B9000FEF7C6F8054606E0FEF7C2F8401B0228DD
:106BA00001D9032019E60A4810380068C0F34030C4
:106BB0000028F1D01BE006481038006820F480500F
:106BC000034910390860FEF7ABF8054609E00000FC
:106BD00010440258FEF7A4F8401B022801D90320F4
:106BE000FBE5D0480068C0F340300028F2D120789F
:106BF00000F0040004287DD1CB48006840F4807088
:106C0000C9490860FEF78CF8054606E0FEF788F8EB
:106C1000401B642801D90320DFE5C348006800F465
:106C200080700028F2D000BFA068012808D1BD48BC
:106C30007030006840F00100BA49703108602DE002
:106C4000A06868B9B7487030006820F00100B54905
:106C5000703108600846006820F0040008601DE0FC
:106C6000A06805280DD1AF487030006840F00400DE
:106C7000AC49703108600846006840F001000860C7
:106C80000CE0A8487030006820F00100A549703180
:106C900008600846006820F00400086000BFA06893
:106CA000A0B1FEF73DF8054608E0FEF739F8401BB5
:106CB00041F28831884201D903208EE5994870302D
:106CC0000068C0F340000028EFD013E0FEF728F87A
:106CD000054608E0FEF724F8401B41F2883188425F
:106CE00001D9032079E58F4870300068C0F3400077
:106CF0000028EFD1606A00287DD08A4810300068F3
:106D000000F03800182877D0606A022875D18548CD
:106D1000006820F0807083490860FEF701F805469E
:106D200006E0FDF7FDFF401B022801D9032054E5D2
:106D30007C480068C0F340600028F2D100BFD4E96D
:106D40000A1041EA001077492831096840F2F3320D
:106D500091430843734928310860208E401EC0F3D8
:106D60000800616B491E4FF47E4202EA412108434C
:106D7000218F491ED20102EA014108433C21095DED
:106D8000491E120202EA0161084366493031086077
:106D900000BF081F006820F00100091F086061485B
:106DA000343000684FF6F8718843A16C40EAC100A6
:106DB0005C49343108605B482C30006820F00C00DE
:106DC000216C084357492C3108600846006820F0C0
:106DD0000200616C084353492C3108600846006882
:106DE00040F4803008600846006840F400300860D5
:106DF0000846006802E092E038E01FE040F480209E
:106E000008600846006840F00100086045480068D6
:106E100040F0807043490860FDF782FF054606E0B8
:106E2000FDF77EFF401B022801D90320D5E43D4831
:106E30000068C0F340600028F2D070E03948006874
:106E400020F0807037490860FDF76AFF054606E0CC
:106E5000FDF766FF401B022801D90320BDE431483D
:106E60000068C0F340600028F2D158E02D48283077
:106E700007682C4830300668606A012821D007F086
:106E80000301A06A81421CD1C7F30511E06A884260
:106E900017D1C6F30801206B401E814211D1606BEF
:106EA000401EC6F3462188420BD1A06B401EC6F39C
:106EB0000641884205D1E06B401EC6F30661884258
:106EC00001D0012089E4174834300068C0F3CC07B2
:106ED000A06CB84223D013482C30006820F0010089
:106EE00010492C310860FDF71BFF054600BFFDF778
:106EF00017FF401BFBD00B48343000684FF6F87189
:106F00008843A16C40EAC100064934310860054855
:106F10002C30006840F0010002492C31086000204C
:106F20005BE40000004402580048025870B5044673
:106F30000CB9012070BD606A00B900BF0021A162D8
:106F40006349206888420CD062492068884208D092
:106F500061492068884204D0E0680F2801D90120E7
:106F6000E8E7204604F07CFF05465949206888423E
:106F700009D058492068884205D05749206888427E
:106F800001D0082D0DD852492068884207D05149B8
:106F90002068884203D050492068884203D1102DD0
:106FA00001D90120C6E794F8810028B9002084F8AF
:106FB0008000204600F092F8022084F881002068CA
:106FC000006820F00100216808602068806800F4F3
:106FD000F816A069B0F1806F11D16068B0F5800F2C
:106FE00001D1A06B28B1606848B9A06BB0F1805F97
:106FF00005D12068006840F480502168086060680E
:1070000000F48000B0F5800F0BD1E068072808D3AA
:107010002068006820F48070216D084321680860B2
:1070200005E02068006820F4807021680860A16A8B
:10703000E06908433043E16B0843E1680843216895
:107040008860616A606B0843A16B0843A1690843CB
:107050002169084361690843216A0843616808435C
:10706000E16C0843A1680843A16C0843A16D084383
:107070002168C860606878B92068806820F4C050D2
:1070800040F40060216888602068806820F4C06057
:1070900040F48060216888602068006D20F0010065
:1070A00021680865606800F48000B0F5800F07D1A2
:1070B0002068C06820F00040616D08432168C86006
:1070C0000020C4F88400012084F88100002031E70A
:1070D0000030014000380040003C004010B5B6B020
:1070E0000446142130A8F9F73EFBB82102A8F9F7AD
:1070F0003AFB2C492068884252D181140020CDE906
:107100000210199002A8FEF7D9F908B1FBF7DEFBCF
:1071100000BF2548006840F48040234908600846C5
:10712000006800F48040019000BF00BF00BF1E480F
:107130000838006840F004001B4908390860084618
:10714000006800F00400019000BF00BF00BF0846C7
:10715000006840F0020008600846006800F0020085
:10716000019000BF00BF0620309002203190002027
:107170003290022033900520349030A90B48FDF75F
:10718000CBFC4FF400503090022031900020329020
:10719000032033900520349030A90548FDF7BCFC4E
:1071A00036B010BD00380040E844025800080258CC
:1071B000000402582DE9FF4F85B004469846129E00
:1071C000206820300490206800F1300BE06B40090B
:1071D000401C80B20290FDF7A3FD03904746454650
:1071E00094F88100012803D0022009B0BDE8F08F97
:1071F000069820B1079810B1B8F1000F01D1012015
:10720000F3E700BF94F88000012801D10220ECE7E9
:10721000012084F8800000BF052084F88100002050
:10722000C4F8840007986066A4F86A80A4F86880AF
:107230000698E065A4F86280A4F8608000202067CA
:1072400060672068C06820F4C0202168C860EB49EE
:107250002068884207D0EA492068884203D0E9497B
:107260002068884202D14FF0100A01E04FF0080A6E
:10727000206840686FF30F0040EA0800216848600A
:107280002068006840F00100216808606068B0F57F
:10729000800F05D12068006840F400702168086004
:1072A000E0680F2869D94FEA9A0A61E020684069CE
:1072B00000F00200022812D18FB107EB0A00A842A9
:1072C0000DD9E06D006821680862E06D001DE06581
:1072D000B4F86200401EA4F86200B4F8627020683E
:1072E000D0F814903DB32068406900F0010070B1FF
:1072F0002068006B616E0860606E001D6066B4F807
:107300006A00401EA4F86A00B4F86A5030E002989F
:10731000854211DA09F4004070B12068006B616E9B
:107320000860606E001D6066B4F86A00401EA4F834
:107330006A00B4F86A501BE0FDF7F2FC0399401AAA
:10734000B04201D3701C00B996B9204604F01DFD6F
:10735000D4F8840040F48070C4F88400012084F8DC
:10736000810000BF002084F8800000BF03203CE7BC
:10737000002F9BD1002D99D11EE1E06807287CD910
:107380004FEA5A0A7AE02068406900F002000228B9
:1073900011D187B107EB0A00A8420CD954F85C0F51
:1073A0000188049801802068801C2060E088401ECD
:1073B000E080E7885C3C2068D0F81490002D5DD018
:1073C0002068406900F0010068B1BBF8000054F883
:1073D000641F08802068801C2060E088401EE080D8
:1073E000E588643C4AE00298854217DA09F40040D7
:1073F000A0B1BBF8000054F8641F08802068801C0E
:107400002060BBF80000216808802068801C206094
:10741000E088801EE080E588643C2FE0012D10D1DB
:1074200009F4005068B1BBF8000054F8641F0880EC
:107430002068801C2060E088401EE080E588643C75
:107440001CE0FDF76DFC0399401AB04201D3701C9B
:1074500000B99EB9204604F098FCD4F8840040F4AA
:107460008070C4F88400012084F8810000BF0020EF
:1074700084F8800000BF0320B7E604E0002F82D12B
:10748000002D80D198E092E02068406900F0020071
:10749000022813D197B107EB0A00A8420ED9E06D7C
:1074A0000078216881F82000E06D401CE065B4F8A8
:1074B0006200401EA4F86200B4F862702068D0F840
:1074C0001490002D73D02068406900F0010078B15D
:1074D000206890F83000616E0870606E401C606635
:1074E000B4F86A00401EA4F86A00B4F86A505EE07E
:1074F000029885422ADA09F4004038B3206890F8EF
:107500003000616E0870606E401C6066206890F804
:107510003000616E0870606E401C6066206890F8F4
:107520003000616E0870606E401C6066206890F8E4
:107530003000616E0870606E401C6066B4F86A00CE
:10754000001FA4F86A00B4F86A5030E0042D12D28B
:1075500009F4C04078B1206890F83000616E08707E
:10756000606E401C6066B4F86A00401EA4F86A00B1
:10757000B4F86A501BE0FDF7D3FB0399401AB04200
:1075800001D3701C00B996B9204604F0FEFBD4F874
:10759000840040F48070C4F88400012084F88100E5
:1075A00000BF002084F8800000BF03201DE6002FEC
:1075B0007FF46AAF002DFBD10398334600220821E7
:1075C0000090204604F059FC28B1D4F8840040F023
:1075D0002000C4F88400204604F0D7FB012084F882
:1075E000810000BF002084F8800000BFD4F8840030
:1075F00008B10120F9E50020F7E500000030014066
:1076000000380040003C0040034A126882430A43AD
:10761000014B1A607047000004040058704770471F
:107620007047000030B502460B4600BF92F83C00A0
:10763000012801D1022030BD012082F83C0000BFAA
:10764000022082F83D001068416810688468254D6A
:107650001068A84203D0244D1068A84203D121F439
:1076600070015868014321F07001186801431068E7
:1076700041601C4D1068A84223D01068B0F1804FC3
:107680001FD01A4D1068A8421BD0194D1068A8428F
:1076900017D0184D1068A84213D0134D1068A84297
:1076A0000FD0154D1068A8420BD0144D1068A84299
:1076B00007D0134D1068A84203D0124D1068A8429D
:1076C00005D124F080049868044310688460012088
:1076D00082F83D0000BF002082F83C0000BF00BFE0
:1076E000A9E7000000000140000401400004004040
:1076F00000080040000C004000180040004001401D
:1077000000E0004000E4004010B504460CB9012040
:1077100010BD94F83D0028B9002084F83C002046B4
:1077200000F029F8022084F83D00211D206804F0B3
:1077300033FD012084F8480000BF84F83E00012199
:107740003F2001554020015541200155422001555F
:107750004320015500BF00BF012084F844004520AC
:107760000155462001554720015500BF012084F8EE
:107770003D000020CCE77047014691F83D0001280C
:1077800001D001207047022081F83D000868C068E0
:1077900040F001000B68D860204B0868984223D065
:1077A0000868B0F1804F1FD01D4B086898421BD06D
:1077B0001C4B0868984217D01B4B0868984213D09E
:1077C0001A4B086898420FD0194B086898420BD0A2
:1077D000184B0868984207D0174B0868984203D0A6
:1077E000164B0868984210D108688068144B00EA6C
:1077F0000302062A0FD0B2F5803F0CD0086800685B
:1078000040F001000B68186005E00868006840F06F
:1078100001000B6818600020B4E700000000014080
:107820000004004000080040000C0040000401403B
:10783000001800400040014000E0004000E400402B
:1078400007000100704770B504462068C6682068CC
:10785000056905F00200022819D106F0020002288D
:1078600015D1401F216808610120207720688069B8
:1078700000F0030018B12046FFF7E4FF05E02046C2
:1078800000F0DCF8204600F0E1F90020207705F058
:107890000400042819D106F00400042815D1C043BF
:1078A00021680861022020772068806900F4407018
:1078B00018B12046FFF7C6FF05E0204600F0BEF8ED
:1078C000204600F0C3F90020207705F008000828C2
:1078D00019D106F00800082815D1C04321680861B5
:1078E000042020772068C06900F0030018B120460A
:1078F000FFF7A8FF05E0204600F0A0F8204600F0C2
:10790000A5F90020207705F01000102819D106F005
:107910001000102815D1C043216808610820207785
:107920002068C06900F4407018B12046FFF78AFF54
:1079300005E0204600F082F8204600F087F900209C
:10794000207705F0010048B106F0010030B16FF07A
:10795000010021680861204600F038FA05F0800037
:10796000802804D005F40050B0F5005F0AD106F07D
:107970008000802806D16FF40250216808612046FB
:10798000FFF74DFE05F48070B0F5807F0AD106F058
:107990008000802806D16FF480702168086120463D
:1079A000FFF73CFE05F04000402809D106F04000FA
:1079B000402805D1C04321680861204600F012FA32
:1079C00005F02000202809D106F02000202805D14C
:1079D000C043216808612046FFF722FE70BD000009
:1079E00010B586B00446142101A8F8F7BCFE104972
:1079F0002068884219D100BF0E48006840F002009C
:107A00000C4908600846006800F00200009000BFC2
:107A100000BF0220019002900020039004900220F9
:107A2000059001A90448FDF777F806B010BD0000E5
:107A300000040040E04402580004025870472DE959
:107A4000F04104460D461646002700BF94F83C005E
:107A5000012802D10220BDE8F081012084F83C0019
:107A600000BF0C2E51D005DC4EB1042E1ED0082EC6
:107A70007AD133E0102E60D0142EF9D175E029466A
:107A8000206804F00FFC2068806940F0080021683D
:107A900088612068806920F004002168886120687E
:107AA0008069296908432168886178E0294620684F
:107AB00004F050FC2068806940F40060216888610F
:107AC0002068806920F4806021688861206880696E
:107AD000296940EA01202168886160E02946206820
:107AE00004F094FC2068C06940F008002168C86177
:107AF0002068C06920F004002168C8612068C0695E
:107B0000296908432168C86149E02946206804F0D2
:107B1000D9FC2068C06940F400602168C861206811
:107B2000C06920F480602168C8612068C069296943
:107B300040EA01202168C86131E02946206804F04C
:107B4000FBFC2068406D40F0080021684865206813
:107B5000406D20F00400216848652068406D296967
:107B60000843216848651AE017E02946206804F0B8
:107B70001BFD2068406D40F4006021684865206866
:107B8000406D20F48060216848652068406D296957
:107B900040EA01202168486501E0012700BF00BFDD
:107BA00000BF002084F83C0000BF384653E710B502
:107BB00004460CB9012010BD94F83D0028B90020FE
:107BC00084F83C00204600F029F8022084F83D00AB
:107BD000211D206804F0E0FA012084F8480000BF6D
:107BE00084F83E0001213F200155402001554120ED
:107BF0000155422001554320015500BF00BF01201F
:107C000084F8440045200155462001554720015580
:107C100000BF012084F83D000020CCE708B5094AE8
:107C2000016891420DD100BF0749096841F0020186
:107C3000054A11601146096801F00201009100BF78
:107C400000BF08BD00040040E8440258704700002F
:107C500070B504460D4615B994F83E0015E0042DA4
:107C600002D13F20005D10E0082D02D14020005DD0
:107C70000BE00C2D02D14120005D06E0102D02D159
:107C80004220005D01E04320005D012801D0012079
:107C900070BD1DB9022084F83E001AE0042D03D106
:107CA00002213F20015514E0082D03D1022140207C
:107CB00001550EE00C2D03D102214120015508E0B1
:107CC000102D03D102214220015502E00221432060
:107CD000015501222946206804F0D2FA2F49206874
:107CE00088420FD02E49206888420BD02D49206849
:107CF000884207D02C492068884203D02B4920684D
:107D0000884201D1012000E0002028B12068406CA9
:107D100040F400402168486420492068884223D00C
:107D20002068B0F1804F1FD02149206888421BD0C5
:107D300020492068884217D01F492068884213D004
:107D40001749206888420FD01C49206888420BD010
:107D500014492068884207D019492068884203D016
:107D600018492068884210D120688068164900EAC6
:107D70000106062E0FD0B6F5803F0CD020680068B3
:107D800040F001002168086005E02068006840F0CC
:107D900001002168086000207AE70000000001402F
:107DA00000040140004001400044014000480140FF
:107DB0000004004000080040000C00400018004093
:107DC00000E0004000E400400700010010B5044658
:107DD00003492068884201D1FCF7A8FF10BD0000CC
:107DE000000001407047014600BF91F8840001285F
:107DF00001D102207047012081F8840000BF2420B7
:107E0000C1F88800086802680868006820F001006E
:107E10000B68186022F00052002048660868026073
:107E20002020C1F8880000BF002081F8840000BF36
:107E300000BFDFE770B504460D460448844203D115
:107E40002946204605F00CF970BD0000C807002047
:107E5000704770B504460D4600BF94F884000128B1
:107E600001D1022070BD012084F8840000BF2420CD
:107E7000C4F88800206806682068006820F00100C7
:107E8000216808602068806820F0606028432168CD
:107E90008860204604F0E6FB206806602020C4F8D5
:107EA000880000BF002084F8840000BF00BFD9E72D
:107EB00070B504460D4600BF94F88400012801D136
:107EC000022070BD012084F8840000BF2420C4F883
:107ED0008800206806682068006820F0010021689A
:107EE00008602068806820F060402843216888602E
:107EF000204604F0B7FB206806602020C4F8880004
:107F000000BF002084F8840000BF00BFD9E770479D
:107F1000704770472DE9F04704462068C56920681E
:107F200006682068876840F60F0005EA0009B9F185
:107F3000000F0FD105F0200060B106F0200010B94D
:107F400007F0805030B1606F10B12046616F8847F4
:107F5000BDE8F087B9F1000F7ED0F848384018B975
:107F6000F74830400028F7D005F0010058B106F47A
:107F7000807040B1012021680862D4F8900040F080
:107F80000100C4F8900005F0020058B107F00100AC
:107F900040B1022021680862D4F8900040F004004B
:107FA000C4F8900005F0040058B107F0010040B19A
:107FB000042021680862D4F8900040F00200C4F860
:107FC000900005F0080070B106F0200010B9DB4801
:107FD000384040B1082021680862D4F8900040F091
:107FE0000800C4F8900005F4006060B106F08060FD
:107FF00048B14FF4006021680862D4F8900040F066
:108000002000C4F89000D4F89000002852D005F069
:10801000200050B106F0200010B907F0805020B1C8
:10802000606F10B12046616F8847D4F890A0206837
:10803000806800F04000402802D00AF0280070B3A9
:10804000204604F033FC2068806800F0400040289F
:1080500026D100BF00BF00E02DE02168083151E8C3
:10806000001F21F040002168083141E80002002A89
:10807000F1D100BFD4F8800068B1B248D4F88010C4
:108080000865D4F88000FBF7C5F998B1D4F88000F2
:10809000016D88470EE02046FFF73BFF0AE003E052
:1080A0002046FFF736FF05E02046FFF732FF0020AD
:1080B000C4F890004CE7E06E01287DD105F0100077
:1080C000002879D006F010000028FAD0102021688E
:1080D00008622068806800F0400040286DD1D4F824
:1080E00080000068984988426BD0D4F8800000680E
:1080F00095491831884264D0D4F8800000689249CC
:10810000303188425DD0D4F8800000688E49483113
:10811000884256D0D4F8800000688B49603188428C
:108120004FD0D4F88000006887497831884248D021
:10813000D4F88000006884499031884241D0D4F856
:10814000800000688049A83188423AD0D4F8800085
:1081500000687E49884234D0D4F8800000687B49AA
:10816000183188422DD0D4F880000068774930312A
:10817000884226D0D4F8800000687449483188428B
:108180001FD0D4F88000006870496031884218D050
:10819000D4F8800000686D497831884211D0D4F855
:1081A000800000686949903188420AD0D4F8800084
:1081B00000686649A83102E0CAE07BE001E088423D
:1081C00004D1D4F880000068406803E0D4F880004F
:1081D000006840681FFA80F8B8F1000F58D0B4F872
:1081E0005C00404554DDA4F85E80D4F88000C0698E
:1081F000B0F5807F40D000BF00BF216851E8001F6C
:1082000021F48070226842E800010029F5D100BF06
:1082100000BF00BF2168083151E8001F21F00100B4
:108220002168083141E80002002AF3D100BF00BFF5
:1082300000BF2168083151E8001F21F0400021688B
:10824000083141E80002002AF3D100BF2020C4F821
:108250008C000020E06600BF00BF216851E8001FCD
:1082600021F01000226842E800010029F5D100BF8A
:10827000D4F88000FAF760FE02202067B4F85C00B2
:10828000B4F85E20801A81B22046FFF7D3FD10E0DB
:10829000B4F85C0040450CD1D4F88000C069B0F55A
:1082A000807F06D102202067B4F85C102046FFF7DB
:1082B000C1FD4DE634F85C0F6188401A1FFA80F862
:1082C00060885C3CC8B3B8F1000F36D000BF00BF77
:1082D000216851E8001F21F49070226842E80001F3
:1082E0000029F5D100BF00BF00BF2168083151E867
:1082F000001F124AD24301EA02002168083141E816
:108300000002002AF1D100BF2020C4F88C00002018
:10831000E066606700BF00BF216851E8001F21F0E0
:108320001000226842E800010029F5D100BF0220B8
:10833000206741462046FFF77DFD09E60100001059
:10834000200100049FC800081000024010040240F1
:1083500005F4801050B107F4800038B14FF480105C
:10836000216808622046FFF7D3FDF1E505F08000A3
:1083700058B106F0800010B907F4000028B1A06FD2
:1083800010B12046A16F8847E2E505F0400030B10A
:1083900006F0400018B1204604F0BEFAD8E505F416
:1083A000000030B106F0804018B12046FFF7AFFD65
:1083B000CEE505F0807030B106F0004018B12046DF
:1083C000FFF746FDC4E500BFC2E510B504460CB991
:1083D000012010BDA06900B100E000BFD4F8880002
:1083E00028B9002084F88400204600F02BF82420CF
:1083F000C4F888002068006820F001002168086047
:10840000A06A10B1204604F059F9204604F09CFA05
:10841000012800D1DDE72068406820F49040216801
:1084200048602068806820F02A0021688860206801
:10843000006840F0010021680860204604F0BAF9A5
:10844000C7E7000010B5B6B00446142130A8F8F70D
:108450008AF9B82102A8F8F786F9404920688842CD
:108460007AD102210020CDE902101F9002A8FDF769
:1084700025F808B1FAF72AFA00BF3948006840F435
:108480008010374908600846006800F480100190A9
:1084900000BF00BF00BF32480838006840F0040049
:1084A0002F49083908600846006800F00400019070
:1084B00000BF00BF00BF0846006840F00800086029
:1084C0000846006800F00800019000BF00BF4FF4AC
:1084D000805030900220319000203290339008205C
:1084E000349030A91F48FCF717FB0420309002207D
:1084F00031900020329033900820349030A91A48EF
:10850000FCF70AFB19481A4908604120486000211D
:1085100017488160C1604FF48061016100214161B1
:1085200081614FF48071C1614FF4403101620021DB
:108530004162FBF73BF908B1FAF7C8F900BF0C48F4
:10854000C4F88000846300BF002205213520FCF7B9
:10855000F1FC3520FCF7DAFC36B010BD00500040CD
:10856000E844025800080258000C02582800024053
:108570005C0800207047000070B50446002020749D
:10858000A37B484D2D8803FB05F26168D4F8F40005
:10859000F8F78DF8A27B434B1B8802FB03F1606860
:1085A000F8F7E1F8A27B3F4B1B885A43A37B02FB01
:1085B00003F1D4F81801F8F7D6F8227B394B1B8861
:1085C0005A43A37B02FB03F1D4F80C01F8F7CBF874
:1085D000002031E0D4F8F41001EB800191ED000AA5
:1085E000B5EEC00AF1EE10FA24D0D4F8F41001EB85
:1085F000800191ED000A227CD4F8F41001EB820195
:1086000081ED000A227C616A8854A16901EB800136
:1086100091ED000A6169095C227B237C12FB031146
:10862000491ED4F80C2102EB810181ED000A217C66
:10863000491C2174411CC8B2A17B8142CADC0020C4
:1086400011E0626A125CE16901EB820191ED000ABE
:10865000227C00FB0202D4F8181101EB820181EDAB
:10866000000A411CC8B2217C8142EADC207CA4F8CB
:108670007800217B7A200153207BA4F88000217CA4
:1086800082200153207CA4F89000217C9220015389
:10869000207BA4F89800217C9A200153207CA4F828
:1086A000480070BD3000002000BFFEE770B52DED22
:1086B000088B86B004460D461646D4ED040ACA4817
:1086C00090ED001A30EEC10AF0EEC00A9FEDC70A25
:1086D000F4EEC00AF1EE10FA22DCD4ED050AC4482B
:1086E00090ED001A30EEC10AF0EEC00A9FEDBF0A0D
:1086F000F4EEC00AF1EE10FA12DCD4ED060ABD4821
:1087000090ED001A30EEC10AF0EEC00A9FEDB70AF4
:10871000F4EEC00AF1EE10FA02DC207800287DD0D9
:1087200094ED040ADFEDB40A80EE201AB0EE41BAEF
:10873000B0EE4B0AF8F772F9F0EE408A94ED050AB4
:10874000DFEDAD0A80EE201AB0EE41BAB0EE4B0A72
:10875000F8F764F9F0EE40AA94ED060ADFEDA60AF8
:1087600080EE201AB0EE41BAB0EE4B0AF8F756F997
:10877000B0EE409A94ED040ADFED9F0A80EE201AD5
:10878000B0EE41BAB0EE4B0AF8F7ACFCB0EE40AA3E
:1087900094ED050ADFED980A80EE201AB0EE41BA9A
:1087A000B0EE4B0AF8F79EFCF0EE409A94ED060A04
:1087B000DFED910A80EE201AB0EE41BAB0EE4B0A1E
:1087C000F8F790FCB0EE408A68EE890A2AEE291A82
:1087D000B0EE480A41EE000A8848C0ED000A2AEED1
:1087E0008A0A874880ED000AB0EE480A28EE800A1F
:1087F00069EE0A0A00EEE90A824880ED000A68EE96
:10880000A90AB0EE480A20EE800A09EE4A0A7E481C
:1088100080ED000A28EEAA0A7C4800E021E080ED05
:10882000000AF1EE4A0AB0EE480A20EE800A68EE2D
:10883000890A00EEE90A764880ED000AF1EE6A0A3C
:10884000B0EE480A20EE800A724880ED000A7248B5
:10885000C0ED009A2AEE890A704880ED000A0020D7
:108860002070002011E005EB800191ED000A211D30
:1088700001EB8001D1ED000A20EE200A03A901EBF3
:10888000800181ED000A411CC8B20328EBDB9DED9D
:10889000030A5A48D0ED000A20EE200ADDED040A52
:1088A000574890ED001A01EE200ADDED050A554803
:1088B00090ED001A01EE200A85ED000A9DED030AF5
:1088C0005148D0ED000A20EE200ADDED040A4F48A1
:1088D00090ED001A01EE200ADDED050A4C4890EDFE
:1088E000001A01EE200A85ED010A9DED030A4948B0
:1088F000D0ED000A20EE200ADDED040A464890ED96
:10890000001A01EE200ADDED050A444890ED001A38
:1089100001EE200A85ED020A00200AE006EB800144
:1089200091ED000A694601EB800181ED000A411CCE
:10893000C8B20328F2DB9DED000A3048D0ED000AF2
:1089400020EE200ADDED010A2D4890ED001A01EE1F
:10895000200ADDED020A2B4890ED001A01EE200AF4
:1089600086ED000A9DED000A2748D0ED000A20EEB2
:10897000200ADDED010A254890ED001A01EE200ADB
:10898000DDED020A224890ED001A01EE200A86ED84
:10899000010A9DED000A1F48D0ED000A20EE200AD2
:1089A000DDED010A1C4890ED001A01EE200ADDED14
:1089B000020A1A4890ED001A01EE200A86ED020A1A
:1089C00094ED040A084880ED000A94ED050A084871
:1089D00080ED000A94ED060A064880ED000A06B014
:1089E000BDEC088B70BD0000A00300206F12833A1D
:1089F000A4030020A8030020E12E6542AC03002060
:108A0000B0030020B4030020B8030020BC03002002
:108A1000C0030020C4030020C8030020CC030020B2
:108A200010B5044654F8EC0F90ED000A834880ED31
:108A3000000A206890ED010A814880ED000A206854
:108A400090ED020A7F4880ED000A54F8EC0990EDA1
:108A5000030A7D4880ED000A7848D0ED000A60EEF8
:108A6000A00A774890ED001AD0ED001A41EE210AD5
:108A7000744890ED001AD0ED001A41EE210A7248B8
:108A800090ED001AD0ED001A41EE210AB0EE600A16
:108A900006F06CFE6D4880ED000A002012E0D4F86C
:108AA000EC1001EB800191ED000A6849D1ED000A5C
:108AB00020EE200AD4F8EC1001EB800181ED000AD1
:108AC000411CC8B20428EADB614890ED6F0A5C489B
:108AD000D0ED000A20EE200AF0EE000A80EE201A07
:108AE000F834A06880ED041A594890ED6F0A554893
:108AF000D0ED000A20EE200AF0EE000A80EE201AE7
:108B0000A06880ED051A524890ED6F0A4B48D0EDF1
:108B1000000AF1EE600A20EE200AF0EE000A80EE74
:108B2000201AA06880ED0A1A494890ED6F0A46485D
:108B3000D0ED000A20EE200AF0EE000A80EE201AA6
:108B4000A06880ED0B1A424890ED6F0A3E48D0EDC8
:108B5000000AF1EE600A20EE200AF0EE000A80EE34
:108B6000201AA06880ED101A394890ED6F0A33483A
:108B7000D0ED000AF1EE600A20EE200AF0EE000AC5
:108B800080EE201AA06880ED111A314890ED6F0A2E
:108B90002C48D0ED000A20EE200AF0EE000A80EE0C
:108BA000201AA06880ED161A294890ED6F0A244813
:108BB000D0ED000AF1EE600A20EE200AF0EE000A85
:108BC00080EE201AA06880ED171A206890ED1C0A2C
:108BD0001F48D0ED740A80EE201A206880ED1C1A20
:108BE000206890ED230A1A48D0ED740A80EE201A0E
:108BF000206880ED231A54F8F80990ED1C0ADFED87
:108C0000150AB4EEE00AF1EE10FA05DD9FED110A47
:108C1000D4F8F80080ED1C0AD4F8F80090ED230A8F
:108C2000DFED0C0AB4EEE00AF1EE10FA05DD9FED7F
:108C3000090AD4F8F80080ED230A10BDD400002002
:108C4000D8000020DC000020E0000020E40000202C
:108C5000480A002000401C4610B52DED068BF0EEB2
:108C6000408AB0EE60AAB0EE419AB0EE618AF0EEB2
:108C7000429A01203A4908700846C0ED6C8A80ED9E
:108C80006DAA80ED6E9A9FED370A80ED730A002081
:108C900081F838010A46C2F84001C2F844010021B7
:108CA000C2F84811C2F84C11B7EE000AB4EEC08AFF
:108CB000F1EE10FA03DDB7EE000AB0EE408A284864
:108CC00080ED748AC0ED649A032300220621001D02
:108CD00001F0C8F8244B01221146A3F10800F7F770
:108CE00044FFB7EE000A1E48D0F8EC0080ED000A01
:108CF0009FED1E0A1A48D0F8EC0080ED010A9FEDA6
:108D00001B0A1748D0F8EC0080ED020A9FED170A05
:108D10001348D0F8EC0080ED030A15491048C0F85C
:108D2000D0101449C0F8D4101349C0F8D810134912
:108D3000C0F8DC10012180F82E1080F82F100146B9
:108D40009022D1F804010E49F7F7B1FC04499022B2
:108D5000D1F8FC000B49F7F7AAFCBDEC068B10BD5F
:108D6000480A002077CC2B32100C002000000000B5
:108D7000898D0008218A0008BD8D0008159500081E
:108D8000B01C01083400002010B5044654F8F81F48
:108D900090220748F7F78BFC48220648616AF7F7EC
:108DA00086FC6169F83C48220348F7F780FC10BD57
:108DB00034000020280C0020700C002010B5044660
:108DC00054F8EC0F90ED000AF0EE000A20EE200AB5
:108DD0003F4880ED000A206890ED010AF0EE000A9D
:108DE00020EE200A3B4880ED000A206890ED020A40
:108DF000F0EE000A20EE200A374880ED000A2068D5
:108E000090ED030AF0EE000A20EE200A334880EDD0
:108E1000000A14F8DE2C324B1B885A4314F8E03C4D
:108E200002FB03F1206AF7F79EFC2B4890ED000A45
:108E3000B1EE400A206A80ED000A284890ED000A51
:108E4000206A80ED010A224890ED000AB1EE400A46
:108E5000206A80ED020A1F4890ED000A206A80ED2A
:108E6000030A1C4890ED000A206A80ED060A1848A3
:108E700090ED000A206A80ED070A184890ED000A7C
:108E8000206A80ED080A144890ED000A206A80EDFF
:108E9000090A0F4890ED000A206A80ED0C0A0D487F
:108EA00090ED000AB1EE400A206A80ED0D0A0A48F2
:108EB00090ED000AB1EE400A206A80ED0E0A0748E4
:108EC00090ED000A206AEC3C80ED0F0A10BD000016
:108ED000E8000020EC000020F0000020F40000205A
:108EE0003000002010B52DED088BB0EE40ABB0EE99
:108EF00041BAF0EE618AB0EE429BB0EE438AFE4882
:108F0000007858B99FEDFD2ADFEDFD1A9FEDFD1A9F
:108F1000DFEDFD0AB2EE040AFFF79EFEF64880ED93
:108F20006F8A90ED580A3AEE400A80ED5B0A90EDA8
:108F3000590A3AEEC00A80ED5C0A90ED5A0A3BEEFF
:108F4000400A80ED5D0A90ED5B0AF6EE000A20EE25
:108F5000200A20EE080AED4880ED000AE64890ED70
:108F60005C0AF6EE000A20EE200A20EE080AE84825
:108F700080ED000AE04890ED5D0AF6EE000A20EE72
:108F8000200A20EE080AE34880ED000ADA49902220
:108F9000D1F80401E049F7F78AFBDC4890ED000ABC
:108FA000B1EE400AD448D0F8040180ED010AD84857
:108FB00090ED000AB1EE400ACF48D0F8040180EDF0
:108FC000020AD44890ED000AB1EE400ACA48D0F82F
:108FD000040180ED030ACD4890ED000AC648D0F8A0
:108FE000040180ED060ACB4890ED000AC248D0F893
:108FF000040180ED080AC64890ED000AB1EE400A6F
:10900000BD48D0F8040180ED090AC14890ED000A7E
:10901000B948D0F8040180ED0C0ABE4890ED000A72
:10902000B1EE400AB448D0F8040180ED0D0AB7480B
:1090300090ED000AB048D0F8040180ED0F0AB54861
:1090400090ED000AAC48D0F8040180ED120AB04857
:1090500090ED000AA848D0F8040180ED130AAB484F
:1090600090ED000AB1EE400AA348D0F8040180ED6B
:10907000140AA148D0F84811D0F84C0100235940F7
:109080005840014306D19C48C0ED5E8A80ED5F9A4E
:10909000C0ED609A984890ED5E0AD0ED640A60EEEB
:1090A000200A90ED6F0A90ED641A30EE011A80EEFE
:1090B000810AD0ED6F0A90ED641A70EE810A90ED8E
:1090C0006F1A21EE281AC1EE201A30EE210A80ED27
:1090D0005E0A90ED5F0AD0ED640A60EE200A90ED22
:1090E0006F0A90ED641A30EE011A80EE810AD0ED1D
:1090F0006F0A90ED641A70EE810A90ED6F1A21EEFE
:10910000091AC1EE201A30EE210A80ED5F0A90EDB7
:10911000600AD0ED640A60EE200A90ED6F0A90EDCF
:10912000641A30EE011A80EE810AD0ED6F0A90EDDC
:10913000641A70EE810A90ED6F1A21EE291AC1EEC1
:10914000201A30EE210A80ED600AD0ED5E0A60EE52
:10915000A00A90ED5F1AD0ED5F1A41EE210A90ED62
:10916000601AD0ED601A41EE210AB0EE600A06F0F6
:10917000FDFA6A4880ED000A002011E0684901EB21
:10918000800191ED000A6549D1ED000A20EE200A28
:109190005949896801EB800181ED000A411CC8B280
:1091A0000328EBDB5448D0ED5B0A60EEA00A90ED9B
:1091B0005C1AD0ED5C1A41EE210A90ED5D1AD0EDFB
:1091C0005D1A41EE210AB0EE600A06F0CFFAF7EE22
:1091D000000A80EE801A484880ED651A4F4890EDED
:1091E000000AF7EE000A80EE801A434880ED661A06
:1091F00090ED650ADFED4B0AB4EEE00AF1EE10FAED
:1092000016D290ED660ADFED480AB4EEE00AF1EE00
:1092100010FA0DDD90ED660ADFED440AB4EEE00AC7
:10922000F1EE10FA04D20120334981F8390103E04C
:109230000020314981F839012F4890ED6C0AD0EDBA
:109240006F0A20EE200AD0F8180180ED000A2A48A3
:1092500090ED6C0AD0ED6F0A20EE200AD0F81801CC
:1092600080ED070A244890ED6C0AD0ED6F0A20EEDD
:10927000200AD0F8180180ED0E0A1F4890ED6C0A04
:10928000D0ED6F0A20EE200AD0F8180180ED150A03
:10929000194890ED6D0AD0ED6F0A20EE200AD0F843
:1092A000180180ED1C0A144890ED6D0AD0ED6F0A8C
:1092B00020EE200AD0F8180180ED230A0E4890ED28
:1092C0006E0AD0F81C0180ED000A0B4890ED6E0A82
:1092D000D0F81C0180ED040A074890ED6E0AD0F822
:1092E0001C0180ED080A0448001D01F03BFA024809
:1092F000406890ED000A1BE0480A002000000000D2
:10930000C9E57F3F8096184B6F12833AC400002056
:10931000C8000020CC000020B01C0108D0000020B4
:10932000C00B00209A99993ECDCC1441CDCC24415C
:10933000734880ED540A406890ED010A704880ED52
:10934000550A406890ED020A6D4880ED560A406863
:1093500090ED030A6A4880ED570A406890ED040AD0
:10936000674880ED580A406890ED050A644880ED32
:10937000590A1FED1E0A80ED5A0A90ED541A21EE8B
:10938000011AD0ED551A90ED552A01EE821AF7EE2A
:10939000001AB0EE002A52EE011AF0EE610A90EDCA
:1093A000541AD0ED571A21EE211AD0ED551A90ED2E
:1093B000562A01EE821AF0EE001A21EE211AB0EEC2
:1093C000410A04F085FDDFED4F0A20EE200A4C48EB
:1093D00080ED6A0A90ED541A21EE011AD0ED571A69
:1093E00090ED572A01EE821AF7EE001AB0EE002A2D
:1093F00052EE011AF0EE610A90ED541AD0ED551AB2
:1094000021EE211AD0ED561A90ED572A01EE821A5C
:10941000F0EE001A21EE211AB0EE410A04F058FDD8
:10942000DFED380A20EE200A354880ED690AD0EDDC
:10943000550A90ED571A60EE810A90ED541AD0ED5E
:10944000561A41EE610AB8EE001A60EE810AB0EEDB
:10945000600A04F0BDFADFED2B0A20EE200A28484E
:1094600080ED680A90ED6A0AD0ED760A30EE600A67
:10947000DFED250AB4EEE00AF1EE10FA07DDB0F8F0
:10948000D401401E00B21E49A1F8D40114E01C48CA
:1094900090ED6A0AD0ED760A30EE600ADFED1B0A25
:1094A000B4EEE00AF1EE10FA06D2B0F8D401401C96
:1094B00000B21349A1F8D401114890ED6A0AB0F93D
:1094C000D40100EE900AF8EEE00A9FED111A01EEC9
:1094D000200A0B4880ED6B0A90ED6A0A80ED760A4F
:1094E000D0F84821D0F84C01521C40F1000004494A
:1094F000C1F84821C1F84C01BDEC088B10BD00003B
:10950000480A0020E12E654200003443000034C3C5
:109510000000B44370B52DED028B044604F18001C8
:1095200004F17800F7F784FD84F8C800B4F87800F7
:10953000A4F8A8005A20015BAA20015304F1A80254
:1095400004F1580104F17800F7F77AFC84F8C800B8
:10955000B4F8A800A4F8B0008220015BB220015347
:1095600004F1B00204F1800104F1A800F7F768FCEF
:1095700084F8C800B4F89000A4F8A0009220015B21
:10958000A220015304F1A00204F1900104F1B00003
:10959000F7F78CFA84F8C80004F1B00104F1A000D8
:1095A000F7F7E8FAAC342077206C90ED000AFE481B
:1095B00080ED000A206C90ED010AFC4880ED000A65
:1095C000206C90ED020AFA4880ED000A206C90EDC4
:1095D000030AF84880ED000A34F8340CA081AC3C52
:1095E0000121BA200153F14890ED000AF148D0ED75
:1095F000000A20EE200AEC48D0ED000AEC4890ED7D
:10960000001A00EEC10AF0EE000A20EE200AD4F89B
:109610002C0180ED000AE44890ED000AE348D0ED0B
:10962000000A20EE200AE248D0ED000AE14890ED61
:10963000001A00EE810AF0EE000A20EE200AD4F8AB
:109640002C0180ED010AD84890ED000A20EE000AB6
:10965000D648D0ED000A90ED001A00EEC10AD448B9
:10966000D0ED000A90ED001A00EEC10AD148D0ED0D
:10967000000A90ED001A00EE810AD4F82C0180ED6A
:10968000020A002514E0D4F82C0100EB850090EDCF
:10969000000AF0EEC00AB0EE608AB0EE480A04F0AC
:1096A00005F9C54800EB850080ED000A681CC5B2CD
:1096B000032DE8DBB4F84800A4F8C0000121C22063
:1096C000015304F1C00204F1B80104F14800F7F7B6
:1096D0004FFC84F8C800B4F8C000A4F8A800012129
:1096E000AA20015304F1A80204F1C00104F1B00062
:1096F000F7F7A6FBB8342074012020802189B83CFC
:10970000BA20015304F1B80104F1C000F7F790FC4E
:1097100084F8C800A84A3C3204F1A80104F1B8005A
:10972000F7F78EFB84F8C800A44890ED720AD0EDDC
:10973000730AB6EE001A60EE810AB4EEE00AF1EEAA
:1097400010FA03D201209D4981F838019B4890ED21
:10975000720AD0ED730AB4EEE00AF1EE10FA45DDBC
:1097600090F83801002841D0944890F8390168B148
:109770009248D0F84031D0F84401591C40F1000023
:109780008E4AC2F84011C2F8440105E000208B4A1D
:10979000C2F84001C2F84401884800F5A0700CC826
:1097A0000020D2F13201984106D20020834981F88D
:1097B000380184F82C0049E0237B814D2D8803FB80
:1097C00005F2D4E93A01F6F772FF237B7C4D2D8830
:1097D0006B43257B03FB05F2D4E93E01F6F767FFF7
:1097E000012084F82C00BDEC028B70BD734890ED15
:1097F000720AD0ED730A9FED731A60EE810AB4EE1F
:10980000E00AF1EE10FA14DD90F8380188B16B48E7
:1098100090ED730AD0ED720A30EE600AD0ED730A53
:109820009FED691A60EE810A80EE201A80ED671ABA
:1098300004E0B7EE000A614880ED670A00205F4A45
:10984000C2F84001C2F8440184F82C00B4F8580072
:10985000A4F8A8008220015BAA20015304F1A80209
:1098600004F1800104F15800F7F7EAFA84F8C8001F
:1098700004F1980204F1B00104F1A800F7F7E0FA4E
:1098800084F8C800002012E0D4F81C1101EB80011C
:1098900091ED000A4949D1ED670A20EE200AD4F87B
:1098A0001C1101EB800181ED000A411CC8B2B4F823
:1098B00098109A22125B51438142E5DC042025E096
:1098C00000211FE0021F3C4B03EB820292ED000AD5
:1098D000DFED3E0A80EE201A00EB40030B44D4F883
:1098E0001C2102EB830292ED000A21EE000A00EB3C
:1098F00040030B44D4F81C2102EB830282ED000AE2
:109900004A1CD1B20329DDDB411CC8B20628D7DBD3
:10991000B4F89800A4F8B8000121BA20015304F16A
:10992000B80204F1C00104F19800F7F789FA84F84D
:10993000C800224890F83801A0B3042058E0BC21A8
:10994000095901EB800191ED000A1C49D1ED6F0A24
:109950009FED1F1A60EE810AB4EEE00AF1EE10FAF4
:109960000BDD91ED6F0ADFED1A0A20EE200ABC2113
:10997000095901EB800181ED000ABC21095901EB75
:10998000800191ED000A0D49D1ED6F0A9FED111A8A
:1099900060EE810AB4EEE00AF1EE10FA26D291ED03
:1099A0006F0A19E026E00000F8000020FC0000200B
:1099B0000001002004010020CC0B0020480A0020F8
:1099C00030000020CDCCCC3D6666663FDA0FC93F43
:1099D0000AD7233C0AD723BC5FED020A20EE200AF7
:1099E000BC21095901EB800181ED000A411CC8B27C
:1099F0000628A4DB9FED080ABC20005980ED030A6D
:109A000004F1300204F1B80104F13800F7F74EF820
:109A100084F8C80000BFE6E60000000010B52DED98
:109A2000028B1548D0ED070AB0EE600A1348D0ED5E
:109A3000000A134801F026FD1148406B00EE100AA1
:109A400005F028FE00EE100AB8EEC00AB0EE408A1B
:109A50009FED0C1ADFED0C0A05F006FEBCEEC00A05
:109A600010EE100A84B222460C21084802F0D4FD00
:109A7000BDEC028B10BD0000185900209C03002093
:109A8000540E00200000804F000000007C070020E2
:109A900010B5B7EE000A244880ED010AB7EE000ABF
:109AA00080ED020AB7EE000A80ED030A9FED1F0A5F
:109AB00080ED040A9FED1D0A80ED050A9FED1B0A4B
:109AC00080ED060A0120184908709FED182AF7EE6C
:109AD000001A9FED171ADFED170AB2EE040AFFF71E
:109AE000BBF800221146DFED114A9FED104ADFED71
:109AF0000F3A9FED0E3ADFED0D2AB3EE042ADFEDAB
:109B00000E1A9FED0A1ADFED0D0A9FED0D0A0D48A2
:109B100001F01EFE0C210C48FEF79AF89FED0B0A8F
:109B20000B4880ED100A10BD380E00200000000028
:109B30008096184B6F12833A00007A4400009643D7
:109B40000000FA44540E00207C07002096430B3C92
:109B5000B80D002010B586B09E4A07CA03AB07C3F4
:109B60009D48F8F719FD9D4880ED000A9C4890ED4E
:109B7000000A9A48D0ED000A30EE200A984880ED9D
:109B8000000A9848F7F71CFB964890ED000A9648A3
:109B900080ED070A934890ED010A934880ED080A8A
:109BA000904890ED020A904880ED090A8D4890EDAA
:109BB000030A8D4880ED040A8A4890ED040A8A4819
:109BC00080ED050A874890ED050A874880ED060A72
:109BD00000F11C0200F110018448FEF767FD824885
:109BE00090ED091AF0EE410A90ED071AB0EE410A25
:109BF00004F06EF9B1EE400ADFED7D0A20EE200A96
:109C0000DFED7C0A80EE201A774880ED1A1A90ED7D
:109C1000091AF0EE410A90ED081AB0EE410A04F07C
:109C200057F9DFED730A20EE200ADFED720A80EEAD
:109C3000201A6D4880ED1B1A90ED093AF0EE432A88
:109C400090ED083AB0EE432A90ED073AF0EE431A51
:109C500090ED063AB0EE431A90ED053AF0EE430A65
:109C600090ED043AB0EE430A5C4890ED003AFFF7FD
:109C700039F95D496048D0E91534026DC06D81E85D
:109C80001C00C8600A4644315C48F7F75FFC564A3E
:109C900002F150015A48F7F759FC534A02F15C01AE
:109CA0005848F7F753FC504A694603A8F8F761FD96
:109CB000002039E04C491C3101EB800191ED000A94
:109CC000694601EB8001D1ED000A30EE600A43499C
:109CD000D1ED000A60EE200A434991ED100A3F4998
:109CE00091ED001A30EE011A80EE810A3E492831CA
:109CF00001EB8001D1ED000A3B4991ED101A60EEB5
:109D0000810A91ED101A3549D1ED001A31EE211A70
:109D1000C0EE811A30EE210A3349283101EB80016F
:109D200081ED000A411CC8B20328C3DB2E4A02F1B0
:109D30003401A1F10C00F7F709FC334890ED6A0AF1
:109D40009FED321AC0EE010AB0EE000A20EE800A42
:109D5000DFED280A20EE200A234880ED1E0A2A485B
:109D6000D0ED690A9FED291A80EE810AF0EE000A13
:109D700020EE200ADFED1F0A20EE200A1A4880EDAF
:109D80001D0A2148D0ED680A9FED201A80EE810A55
:109D9000F0EE000A20EE200ADFED160A20EE200A7F
:109DA000114880ED1C0A1848D0ED6B0A9FED171A78
:109DB00080EE810AF0EE000A20EE200ADFED0D0AA7
:109DC00020EE200A084880ED1F0AFFF727FE06B0A4
:109DD00010BD0000641D01089003002094030020C2
:109DE0009803002018590020B80D0020380E0020DC
:109DF00000003443DB0F4940480B0020401D0108A0
:109E00004C1D0108581D0108480A00200000B443F9
:109E1000FFF73EFE05F041FD05F04CFD4FF47A7171
:109E2000B0FBF1F404E0FFF795FE204605F019FDC4
:109E3000F9E770B54FF0000500BFEFF3058008B1FA
:109E400001250DE007F024FB0446012C08D000BFDB
:109E5000EFF3108018B900BFEFF3118000B10125B6
:109E6000284670BD0FB583B00420FE490880082045
:109E7000FD490880DDE903100873039905984873CC
:109E8000039906988873002103980174069802903C
:109E9000F6F722FB039948610698029003984069FF
:109EA00001900299F6F73DFCEE4800880699484378
:109EB0000290F6F711FB03998861EA480088069939
:109EC000484302900398806901900299F6F74BFC91
:109ED000E4480088069948430290F6F7FDFA039992
:109EE000C861E04800880699484302900398C06919
:109EF00001900299F6F737FCDA4800880499484344
:109F00000290F6F7E9FA03990862D64800880499A6
:109F1000484302900398006A01900299F6F723FCE7
:109F200006980290F6F7D8FA0399486206980290CC
:109F30000398406A01900299F6F7F3FBC94800883C
:109F4000049948430290F6F7C7FA03990860C54898
:109F50000088049948430290039800680190029990
:109F6000F6F701FCBF480088069948430290F6F7CF
:109F7000B3FA03994860BB480088069948430290A9
:109F80000398406801900299F6F7EDFBB548008808
:109F9000059948430290F6F79FFA03998860B14803
:109FA00000880599484302900398806801900299BF
:109FB000F6F7D9FBAB480088049948430290F6F7BE
:109FC0008BFA0399C1F8E800A64800880499484331
:109FD00002900398D0F8E80001900299F6F7C3FBCD
:109FE0000398D0F8E80002900398007B01900122CA
:109FF0000146DDE902303030F6F7B7FD99480088B8
:10A00000049948430290F6F767FA0399C1F8EC0007
:10A01000944800880499484302900398D0F8EC00D3
:10A0200001900299F6F79FFB0398D0F8EC0002909C
:10A030000398007B019001220146DDE902303830AF
:10A04000F6F793FD059818B38648008805994843AC
:10A050000290F6F741FA0399C1F8F00081480088B0
:10A060000599484302900398D0F8F00001900299B6
:10A07000F6F779FB0398D0F8F00002900398407B44
:10A08000019001220146DDE902304030F6F76DFD16
:10A0900074480088069948430290F6F71DFA039920
:10A0A000C1F8F4006F48008806994843029003986D
:10A0B000D0F8F40001900299F6F755FB0398D0F818
:10A0C000F40002900398807B019001220146DDE9B3
:10A0D00002304830F6F749FD624800880499484349
:10A0E00048430290F6F7F8F90399C1F8F8005D4883
:10A0F000008804994843484302900398D0F8F80038
:10A1000001900299F6F72FFB0398D0F8F80002901F
:10A110000398007B01900398007B00900146DDE9E5
:10A1200002305030019AF6F720FD4E48008804991D
:10A13000484348430290F6F7CFF90399C1F8FC0071
:10A140004848008804994843484302900398D0F84F
:10A15000FC0001900299F6F706FB0398D0F8FC008A
:10A1600002900398007B01900398007B00900146C9
:10A17000DDE902305830019AF6F7F7FC39480088DB
:10A180000499484348430290F6F7A6F90399C1F8A9
:10A190000001344800880499484348430290F6F788
:10A1A0009BF90399C1F804012E480088049948439B
:10A1B000484302900398D0F8000101900299F6F705
:10A1C000D2FA2848008804994843484302900398EB
:10A1D000D0F8040101900299F6F7C5FA0398D0F877
:10A1E000000102900398007B01900398007B00908F
:10A1F0000146DDE902306030019AF6F7B6FC0398BB
:10A20000D0F8040102900398007B01900398007B32
:10A2100000900146DDE902306830019AF6F7A5FCAE
:10A22000059878B30F480088049948430599484336
:10A230000290F6F751F90399C1F80801094800881E
:10A24000049948430599484302900398D0F80801BF
:10A2500001900299F6F787FA0398D0F80801029066
:10A26000039803E03000002032000020407B019082
:10A270000398007B00900146DDE902307030019ABE
:10A28000F6F773FCB9480088069948430499484397
:10A290000290F6F721F90399C1F80C01B348008840
:10A2A00004994843069948430290F6F715F9039933
:10A2B000C1F81001AD480088069948430499484305
:10A2C00002900398D0F80C0101900299F6F74BFA2E
:10A2D000A648008804994843069948430290039889
:10A2E000D0F8100101900299F6F73DFA0398D0F8E2
:10A2F0000C0102900398007B01900398807B0090F2
:10A300000146DDE902307830019AF6F72EFC039819
:10A31000D0F8100102900398807B01900398007B95
:10A3200000900146DDE902308030019AF6F71DFC0D
:10A330008E4800880499484348430290F6F7CCF8C9
:10A340000399C1F814018948008804994843484397
:10A3500002900398D0F8140101900299F6F703FADD
:10A360000398D0F8140102900398007B01900398A1
:10A37000007B00900146DDE902308830019AF6F753
:10A38000F4FB7A4800880699484348430290F6F760
:10A39000A3F80399C1F81801744800880699484346
:10A3A000484302900398D0F8180101900299F6F7FB
:10A3B000DAF90398D0F8180102900398807B019095
:10A3C0000398807B00900146DDE902309030019ACD
:10A3D000F6F7CBFB65480088049948430699484343
:10A3E0000290F6F779F80399C1F81C015F480088DC
:10A3F000049948430699484302900398D0F81C01F9
:10A4000001900299F6F7AFF90398D0F81C01029079
:10A410000398807B01900398007B00900146DDE962
:10A4200002309830019AF6F7A0FB0398007B4F4961
:10A43000098848430399097B48430290F6F74CF892
:10A440000399C1F820010398007B484909884843D3
:10A450000399097B48430290F6F73EF80399C1F847
:10A4600024010398007B4149098848430399097BEB
:10A4700048430290F6F730F80399C1F82801039891
:10A48000007B3A49098848430290F6F725F803997A
:10A49000C1F82C010398007B344909884843029095
:10A4A000F6F71AF80399C1F830010398D0F82001A3
:10A4B00002900398007B01900398007B0090014676
:10A4C000DDE90230A030019AF6F74FFB0398D0F88F
:10A4D000240102900398007B01900398007B009078
:10A4E0000146DDE90230A830019AF6F73EFB0398F9
:10A4F000D0F8280102900398007B01900398007B1C
:10A5000000900146DDE90230B030019AF6F72DFBEC
:10A510000398D0F82C0102900398007B019001224F
:10A520000146DDE90230B830F6F71FFB0398D0F89A
:10A53000300102900398007B019001220146DDE981
:10A540000230C030F6F711FB0021039880F8281084
:10A55000039880F82910039880F82A10039880F84F
:10A560002B10039880F82C1007B000BD300000209D
:10A5700070B50446E07B18B12046FDF7FDFF11E001
:10A58000A37B0E4D2D8803FB05F26168D4F8F4001F
:10A59000F6F78DF8A27B094B1B8802FB03F160687C
:10A5A000F6F7E1F8637B054D2D8803FB05F2A16802
:10A5B000D4F8F000F6F77BF870BD00003000002002
:10A5C00010B5044694F82C0068BBB4F89800A4F8C1
:10A5D000A8007A20015BAA200153B4F8A800A4F8CF
:10A5E000B0005A20015BB220015304F1A80204F12B
:10A5F000780104F19800F6F723FC84F8C80004F110
:10A60000B00204F1580104F1A800F6F719FC84F82F
:10A61000C80004F1500204F1B00104F15800F6F74B
:10A62000A7FC84F8C80010BD10B5044694F82900B2
:10A6300068BB04F1680104F16000F6F7F9FC84F8E6
:10A64000C80004F1580204F1500104F16000F6F76B
:10A65000F7FB84F8C800B4F85800A4F8A8006A20F2
:10A66000015BAA20015304F1A80204F1680104F17E
:10A670005800F6F7E5FB84F8C80004F1580204F12D
:10A68000880104F1A800F6F711FA84F8C80010BD9B
:10A6900010B5044694F82A00002861D104F1800125
:10A6A00004F17800F6F7C4FC84F8C800B4F8780028
:10A6B000A4F8A8005A20015BAA20015304F1A802C3
:10A6C00004F1580104F17800F6F7BAFB84F8C800E9
:10A6D000B4F8A800A4F8B0008220015BB2200153B6
:10A6E00004F1B00204F1800104F1A800F6F7A8FB20
:10A6F00084F8C800B4F89000A4F8A0009220015B90
:10A70000A220015304F1A00204F1900104F1B00071
:10A71000F6F7CCF984F8C80004F1B00104F1A00008
:10A72000F6F728FA84F8C800B4F85800A4F8A8008E
:10A730008220015BAA20015304F1A80204F18001E8
:10A7400004F15800F6F77CFB84F8C80004F1980285
:10A7500004F1B00104F1A800F6F772FB84F8C80018
:10A7600010BD000070B504462046FFF701FFD4F885
:10A77000CC0018B12046D4F8CC108847204600F011
:10A7800085F8D4F8D00018B12046D4F8D010884706
:10A790002046FFF749FFD4F8D40018B12046D4F87A
:10A7A000D4108847207C08B9E07BB8B92046FFF771
:10A7B0006FFFD4F8D80018B12046D4F8D8108847D5
:10A7C000204600F0A1F8D4F8DC0018B12046D4F8F7
:10A7D000DC1088472046FFF7F3FE13E0237B2A4D69
:10A7E0002D8803FB05F2D4E93A01F5F760FF237BDE
:10A7F000254D2D886B43257B03FB05F2D4E93E01F3
:10A80000F5F755FFD4F8E00018B12046D4F8E01071
:10A810008847002022E0227B00FB0202D4F8F810D7
:10A8200001EB820191ED000A216A01EB8001D1ED7B
:10A83000000AB4EEE00AF1EE10FA0DD2216A01EB43
:10A84000800191ED000A227B00FB0202D4F8F8108F
:10A8500001EB820181ED000A411CC8B2217B8142DB
:10A86000D9DC237B084D2D8803FB05F2D4F8E810D2
:10A870002068F5F71CFFD4F8E40018B12046D4F89E
:10A88000E4108847206870BD3000002010B50446F1
:10A8900094F8280060BB607B00282ADD207BA4F8A8
:10A8A000B8000121BA20015304F1B80204F13001CB
:10A8B00004F16000F6F7C4FA84F8C800207BA4F81D
:10A8C000C0000121C220015304F1C00204F1400183
:10A8D00004F17000F6F7B4FA84F8C80004F1380205
:10A8E00004F1C00104F1B800F6F7E0F884F8C800FC
:10A8F00009E004F1380204F1300104F16000F6F7D8
:10A900009FFA84F8C80010BD10B5044694F82B00D7
:10A91000E0BBB4F87800A4F8B8000121BA200153D4
:10A9200004F1B80204F1380104F17800F6F788FA6E
:10A9300084F8C800B4F84800A4F8C0000121C2207F
:10A94000015304F1C00204F1B80104F14800F6F724
:10A950000FFB84F8C800B4F89800A4F8B8000121EF
:10A96000BA20015304F1B80204F1C00104F19800C7
:10A97000F6F766FA84F8C80004F1300204F1B80171
:10A9800004F13800F6F792F884F8C80010BD000012
:10A990002DED048B8CB001217F48F7F721FB7E4819
:10A9A000F7F74EFB02217C484430F7F719FB7A4851
:10A9B0004430F7F745FB78497848F7F773FB764959
:10A9C00044317648F7F76EFBF1EE040AB3EE0E0A57
:10A9D000734A0021734800F025FDF1EE040AB3EE3E
:10A9E0000E0A714A00216F48583000F01BFD6F4875
:10A9F00002F0FEFECFE0684890ED090AB0EE409A02
:10AA000090ED1A0AF0EE409A9FED691AF0EE690A8D
:10AA1000B0EE490A654802F07BFE9FED661AF0EE43
:10AA2000690AB0EE490A614802F0D4FD5F4890ED32
:10AA3000100ADFED610A80EE201AB0EE418A90ED37
:10AA4000110ADFED5D0A80EE201AF0EE418AB1EEC8
:10AA5000040AB4EEC08AF1EE10FA03DDB1EE040A86
:10AA6000B0EE408AB9EE040AB4EEC08AF1EE10FAF4
:10AA700003D2B9EE040AB0EE408AB1EE040AF4EE55
:10AA8000C08AF1EE10FA03DDB1EE040AF0EE408A5E
:10AA9000B9EE040AF4EEC08AF1EE10FA03D2B9EE70
:10AAA000040AF0EE408AB0EE480A3B493B4801F008
:10AAB00005FA39493948F7F7BDFBB0EE680A36495F
:10AAC0004431364801F016FA334944313348F7F738
:10AAD000B1FB3A4800684FF47A7190FBF1F201FB48
:10AAE000120088B93648B0F900003C2190FBF1F023
:10AAF00000EE100A2D48D0ED170AB8EEC01A70EE1D
:10AB0000810AC0ED170A00BF2C480068401C2B4981
:10AB10000860264890ED170ADFED2A0AB4EEE00A35
:10AB2000F1EE10FA03D89FED270A80ED170A1F48AF
:10AB300090ED170ADFED240AB4EEE00AF1EE10FA08
:10AB400003DD9FED210A80ED170A012004F07AFE53
:10AB5000114890ED1A1AF0EE410A90ED091AB0EE84
:10AB6000410A01A804F03CF82C2201A91748F5F786
:10AB70009EFD164890ED051AF0EE410A90ED041A7C
:10AB8000B0EE410A06A804F0D9FA182206A9104826
:10AB9000F5F78DFD00BF2EE72009002014050020E9
:10ABA000D00300200C0F0020DC030020B80C002094
:10ABB0006F12833A0000000000007A44E80300208E
:10ABC000300A00200000344300009643B00F0020FC
:10ABD000081000201FB50020009001900290039003
:10ABE000FAF758F901208DF8000000208DF80100D7
:10ABF00001901F208DF8080087208DF809000020A3
:10AC00008DF80A008DF80B0001208DF80C008DF8EE
:10AC10000D0000208DF80E008DF80F006846FAF741
:10AC20000BF90420FAF746F91FBD000008B500BF74
:10AC30000648006840F001000449086008460068C2
:10AC400000F00100009000BF00BF08BDD8440258CA
:10AC500000B589B027482849086000208860002195
:10AC60002548C16001744174817402214161012150
:10AC700081610921C1610221016201214162816278
:10AC8000C162016300214163012181630021C1632D
:10AC90000821016404214164002181640421C1640C
:10ACA000002101650421416500218165C165042100
:10ACB00001660021416604218166F9F717FC08B19D
:10ACC000F7F704FE0020019002900220039001207B
:10ACD000049000200590069001A90748F9F7A1F813
:10ACE000012003460222114600900348F9F7EDF8CF
:10ACF00009B000BD00A000401405002000B589B0D7
:10AD00002848294908600020886000212648C16041
:10AD10000174417481740221416101218161092121
:10AD2000C16102210162012141628162C16201634C
:10AD30004FF4A0714163012181630021C1630821A7
:10AD4000016404214164002181640421C164002163
:10AD500001650421416500218165C1650421016609
:10AD60000021416604218166F9F7C0FB08B1F7F7BD
:10AD7000ADFD00200190029002200390012004907C
:10AD800000200590069001A90748F9F74AF801202C
:10AD900003460222114600900348F9F796F809B0DD
:10ADA00000BD000000A40040B405002000B589B03B
:10ADB0002848294908600020886000212648C16091
:10ADC0000174417481740221416101218161092171
:10ADD000C16102210162012141628162C16201639C
:10ADE0004FF420714163012181630021C163082177
:10ADF000016404214164002181640421C1640021B3
:10AE000001650421416500218165C1650421016658
:10AE10000021416604218166F9F768FB08B1F7F764
:10AE200055FD002001900290022003900120049023
:10AE300000200590069001A90748F8F7F2FF0120CD
:10AE400003460222114600900348F9F73EF809B084
:10AE500000BD000000D400405406002010B50E4A8A
:10AE600000210E4804F078FD0D4908600D4A0021CC
:10AE70000D4804F071FD0D4908600D4A00210D4890
:10AE800004F06AFD0C4908600C4A00210C4804F0EB
:10AE900063FD0C49086010BDF01B01089DBF000850
:10AEA00014000020841B0108119E000808000020E7
:10AEB000A81B010891A900080C000020CC1B010868
:10AEC000C1BA00081000002000B587B0142102A804
:10AED000F5F749FC00BF4F48006840F080004D493D
:10AEE00008600846006800F08000019000BF00BFC5
:10AEF00000BF0846006840F004000860084600688B
:10AF000000F00400019000BF00BF00BF08460068C9
:10AF100040F0010008600846006800F00100019060
:10AF200000BF00BF00BF0846006840F00200086094
:10AF30000846006800F00200019000BF00BF00BF9B
:10AF40000846006840F0100008600846006800F0FD
:10AF50001000019000BF00BF00BF0846006840F02D
:10AF6000080008600846006800F00800019000BF73
:10AF700000BF012209212848F9F7CCFE0122042153
:10AF80002648F9F7C7FE01224FF408512448F9F783
:10AF9000C1FE0920029001200390002004900320AC
:10AFA000059002A91C48F9F7B7FD01200290002086
:10AFB00003900120049002A91848F9F7ADFD042080
:10AFC00002900120039004900320059002A91348E9
:10AFD000F9F7A2FD4FF4085002900120039004906D
:10AFE0000320059002A90E48F9F796FD4FF4A050F2
:10AFF00002904FF4881003900020049002A90848A2
:10B00000F9F78AFD00214FF00060FCF7FDFA07B068
:10B0100000BD0000E0440258000802580000025839
:10B020000010025810B51648164908604FF4800009
:10B0300048600021134881600721C1604FF0007112
:10B04000016149104161890081610901C1610021EB
:10B05000016241628162C1624FF08041416300211F
:10B060008163C163016441648164C16401654165B8
:10B070008165FBF75BFF08B1F7F728FC10BD000006
:10B0800000380040F406002000B58BB00020089086
:10B0900009900A901C2101A8F5F765FB1848194989
:10B0A00008601720486000211648816040F2E731AF
:10B0B000C1600021016180218161FCF778FD08B148
:10B0C000F7F704FC002008900A9008A90D48FCF747
:10B0D000A9FA08B1F7F7FAFB60200190002002906E
:10B0E000039005900C2201A90648FCF7A8FC08B1C2
:10B0F000F7F7ECFB0348FCF773FC0BB000BD000056
:10B10000000400407C07002010B519481949086068
:10B11000194848604FF48051164881604900C16069
:10B12000C91001610C21416100218161C16101628D
:10B13000416200200F4988620846FDF746F908B1D0
:10B14000F7F7C4FB00210B48FCF7B2FE08B1F7F794
:10B15000BDFB00210748FCF77CFE08B1F7F7B6FB02
:10B160000448FCF740FE08B1F7F7B0FB10BD000043
:10B1700000500040C8070020A086010000BFFEE785
:10B1800000BFFEE710B52DED028B0446B0EE408BFC
:10B19000D4F8060090ED010A8A4880ED000A0020EC
:10B1A0001DE054F8062F411C02EB810191ED000ACD
:10B1B0008449D1ED000A30EE600A216801EB80017C
:10B1C00081ED000A6268411C02EB810191ED000AE9
:10B1D000A41F02EB800181ED000A411C88B2218886
:10B1E000491E8142DDDCD4F806102088801E01EB68
:10B1F000800090ED000A30EE080A2088401E01EB26
:10B20000800080ED000AD4F80A102088401E01EB6F
:10B210008000C0ED008AD4F802002188884204D260
:10B22000D4F80200401CC4F80200102104F11A00F6
:10B23000F5F777FA21886288891A88B24AE054F8CB
:10B24000061F01EB8001D1ED000A216801EB8001AE
:10B2500091ED001A616900EE101A00EE810A10EEFD
:10B26000101A616154F8061901EB8001D1ED000A52
:10B27000D4F81E1000EE101A30EE800A10EE101AEC
:10B28000C4F81E10D4F8061001EB8001D1ED000ABD
:10B29000D4F80A1001EB800191ED001AD4F82210C5
:10B2A00000EE101A00EE810A10EE101AC4F82210F7
:10B2B000D4F80A1001EB8001D1ED000AD4F8261071
:10B2C00000EE101A30EE800A10EE101AC4F82610A4
:10B2D000411C88B221888142B1DCD4F8220000EE02
:10B2E000100A208800EE900AF8EE600A20EE200A8C
:10B2F000D4F81E0000EE900AD4F8260001EE100AE1
:10B3000000EEC10AD4F81A0000EE900A208801EE7F
:10B31000100AB8EE411A60EE811AD4F81E0000EE51
:10B32000900A01EE100A40EEC11AC0EE210A10EE9A
:10B33000900AC4F80E009FED240A10EE100AC4F81B
:10B34000160021886288891A88B221E054F8061F05
:10B3500001EB8001D1ED001AE16800EE901AA168BE
:10B3600001EE101A41EE210A616801EB800191EDB6
:10B37000001A30EEC10AF0EEC00A216900EE101A80
:10B3800030EE800A10EE101A2161A41F411C88B211
:10B3900021888142DADCD4F8160000EE100A2088F9
:10B3A00000EE900AB8EE601AC0EE010A10EE900AA4
:10B3B000C4F81600D4F80E0000EE100ABDEC028BA3
:10B3C00010BD0000880300200000000070B5044696
:10B3D0000D46A41C24F8025C00202060A800F5F7AC
:10B3E0007BF86060A800F5F777F8A0609FED0C0A85
:10B3F00010EE100AE0609FED0A0A10EE100A2061BC
:10B40000A9006068F5F7AFF9A900A068A41EF5F7D8
:10B41000AAF9102104F11A00F5F783F970BD0000B4
:10B420000000000000B102B97047017092ED001AEF
:10B4300080ED011A92ED011A80ED021A92ED021AC6
:10B4400080ED031A80ED040AC0ED050A9FED0C1A89
:10B4500080ED0E1A80ED0D1A80ED0C1A9FED081A82
:10B4600080ED081A80ED0B1A80ED0A1A80ED091A9A
:10B4700080ED111A80ED101A80ED0F1A00BFD3E78E
:10B480000000000010B52DED028B0446B0EE408B9D
:10B4900094F8980000F0800010B1204603F082FA82
:10B4A00004F18C00F7F778F810EE100AC4F8900059
:10B4B00018EE100A206118EE900A2060206800EE55
:10B4C000100A206900EE900A30EE600A10EE100AB1
:10B4D000A061D4F8A20018B1D4F8A2102046884781
:10B4E000A06900EE100AB5EEC00AF1EE10FA03DD15
:10B4F000A06900EE100A04E0A06900EE100AB1EEA7
:10B50000400AA06C00EE900AB4EEE00AF1EE10FAE8
:10B510007EDDD4F8940098BB606800EE100AA06944
:10B5200000EE900A20EE200A10EE100A6062A06879
:10B5300000EE100AA06900EE900A60EE200AD4F82E
:10B54000900000EE100A20EE800A10EE100A206330
:10B55000B4F86000022814DDA06900EE900AD4F867
:10B56000900000EE100A04F16200FFF70BFEE068A5
:10B5700000EE900A20EE200A10EE100AE0627FE052
:10B5800016E0A06900EE100AE06900EE900A70EE85
:10B59000600AE06800EE100A20EE801AD4F89000ED
:10B5A00000EE100AC1EE000A10EE900AE06267E0B9
:10B5B000606800EE100AD4F89400006800EE900A6B
:10B5C00070EE200AA06900EE100A20EE800A10EE4C
:10B5D000100A6062A06800EE100AD4F89400406877
:10B5E00000EE900A70EE200AA06900EE100A60EEEC
:10B5F000800AD4F8900000EE100A20EE800A10EEC7
:10B60000100A2063B4F8600002281CDDA06900E085
:10B610008EE000EE900AD4F8900000EE100A04F1DB
:10B620006200FFF7AFFDE06800EE900AD4F89400E6
:10B63000806801EE100A70EE810A20EE200A10EEFA
:10B64000100AE0621CE0E06800EE100AD4F89400F2
:10B65000806800EE900A30EE201AA06900EE100A11
:10B66000E06900EE900A30EE600A21EE001AD4F88C
:10B67000900000EE100AC1EE000A10EE900AE0629F
:10B68000D4F8A60018B1D4F8A6102046884794F83C
:10B69000980000F0040010B1204603F000FA94F87E
:10B6A000980000F0200010B1204602F099FF94F8B5
:10B6B000980000F0020010B1204603F034F894F82E
:10B6C000980000F0400010B1204603F001F894F813
:10B6D000980000F0010010B1204603F09FF8A06A26
:10B6E00000EE100A206B00EE900A30EE200A10EEF9
:10B6F000100AA062606A00EE100AA06A00EE900ACA
:10B7000070EE200AE06A00EE100A30EE800A10EEB9
:10B71000100A606394F8980000F0100010B1204601
:10B7200003F0F2F8204603F01AF9204603F094F9EA
:10B7300020696061606BA063E06AE063A069E0611A
:10B74000206B2062606B00EE100ABDEC028B10BD16
:10B7500070B52DED0A8B0446B0EE408BB0EE419BE8
:10B76000B0EE42ABB0EE43BBB0EE44CB0D46164656
:10B7700019EE100AA06418EE900A606418EE100A20
:10B7800020649FED1C0A10EE100A206019EE900A4A
:10B7900060601AEE100AA0601AEE900AE0609FED59
:10B7A000150A10EE100A20631BEE100A20651BEE2E
:10B7B000900A60651CEE100AA0651CEE900AE06518
:10B7C000A4F86050294604F16200FFF7FFFD002055
:10B7D0008D3444F8010CE6720021E16021618D3C5A
:10B7E000A12001559FED030A10EE100A6063BDEC25
:10B7F0000A8B70BD000000002DE9F04104460E46A2
:10B8000000275548006800F00300032802D10120FA
:10B81000BDE8F08150482838006820F080604E492B
:10B8200028390860F9F77CFA054606E0F9F778FA56
:10B83000401B022801D90320EAE74748283800685E
:10B84000C0F3C0600028F1D100BF4348006820F475
:10B850007C30216840EA01303F490860A088401EE2
:10B86000C0F30800A168491E4FF47E4202EA41215C
:10B870000843A189491ED20102EA01410843217C03
:10B88000491E120202EA016108433349103108607F
:10B8900000BF3148001D006820F0C0006169084306
:10B8A0002D49091D08600846006820F02000A169A4
:10B8B00008432949091D08600846006820F0100067
:10B8C00008602548143000684FF6F8718843E16934
:10B8D00040EAC1002049143108601F48001D00687B
:10B8E00040F010001C49091D08602EB90846006888
:10B8F00040F40020086012E0012E08D11648001D17
:10B90000006840F480101449091D086007E01248DF
:10B91000001D006840F400100F49091D08600E4822
:10B920002838006840F080600B4928390860F9F732
:10B93000F7F9054606E0F9F7F3F9401B022801D9AB
:10B94000032065E7044828380068C0F3C060002879
:10B95000F1D038465CE70000284402582DE9F04158
:10B9600004460E4600275548006800F003000328EF
:10B9700002D10120BDE8F08150482838006820F04D
:10B9800080504E4928390860F9F7CAF9054606E0A3
:10B99000F9F7C6F9401B022801D90320EAE7474816
:10B9A00028380068C0F340700028F1D100BF434838
:10B9B000006820F07C70218840EA01503F4908600F
:10B9C000A088401EC0F30800A168491E4FF47E42C3
:10B9D00002EA41210843A189491ED20102EA01413C
:10B9E0000843217C491E120202EA016108433349DF
:10B9F0001831086000BF3148001D006820F4406025
:10BA0000616908432D49091D08600846006820F453
:10BA10000070A16908432949091D086008460068AB
:10BA200020F48070086025481C3000684FF6F871DB
:10BA30008843E16940EAC10020491C3108601F4881
:10BA4000001D006840F480701C49091D08602EB973
:10BA50000846006840F48000086012E0012E08D11A
:10BA60001648001D006840F400001449091D0860D4
:10BA700007E01248001D006840F080700F49091D62
:10BA800008600E482838006840F080500B4928397B
:10BA90000860F9F745F9054606E0F9F741F9401B5A
:10BAA000022801D9032065E7044828380068C0F35C
:10BAB00040700028F1D038465CE700002844025866
:10BAC0002DED048B03216948F6F78AFA6748F6F7EB
:10BAD000B7FA042165484430F6F782FA63484430E7
:10BAE000F6F7AEFA61496248F6F7DCFA5F4944318D
:10BAF0005F48F6F7D7FA5F4801F07AFEB5E05B4899
:10BB0000883890ED2B0AB1EE400AB0EE409A90EDE5
:10BB10003C0AB1EE400AF0EE409A9FED571AF0EE63
:10BB2000690AB0EE490A534801F0F2FD9FED531A3D
:10BB3000F0EE690AB0EE490A4E4801F04BFD4D485F
:10BB400090ED100AB1EE400ADFED4D0A80EE201AAA
:10BB5000B0EE418A90ED110AB1EE400ADFED480ADD
:10BB600080EE201AF0EE418AB1EE040AB4EEC08AEB
:10BB7000F1EE10FA03DDB1EE040AB0EE408AB9EE40
:10BB8000040AB4EEC08AF1EE10FA03D2B9EE040A48
:10BB9000B0EE408AB1EE040AF4EEC08AF1EE10FA7B
:10BBA00003DDB1EE040AF0EE408AB9EE040AF4EEC9
:10BBB000C08AF1EE10FA03D2B9EE040AF0EE408A20
:10BBC000B0EE480A29492A4800F0B0F92749284828
:10BBD000F6F730FBB0EE680A24494431244800F0FF
:10BBE000C1F9224944312248F6F724FB2548006870
:10BBF0004FF47A7190FBF1F201FB120080B92248F8
:10BC0000B0F902003C2190FBF1F000EE100AB8EE12
:10BC1000C00A1848D0ED170A30EE200A80ED170A46
:10BC200018480068401C17490860124890ED170A30
:10BC3000DFED160AB4EEE00AF1EE10FA03D89FED3C
:10BC4000130A80ED170A0B4890ED170ADFED100A72
:10BC5000B4EEE00AF1EE10FA03DD9FED0D0A80ED7F
:10BC6000170A012003F0EEFD00BF48E7A8090020F5
:10BC700014050020380D00206F12833A00000000E8
:10BC800000007A44EC030020300A00200000344316
:10BC90000000964310B52423034AA2F1240103486F
:10BCA00001F0BCF910BD000024000024C8070020EA
:10BCB00000B101B970470278437842EA0322C2F327
:10BCC0000A020A804278D210837842EA4312C2F311
:10BCD0000A024A8082789211C37842EA8302037989
:10BCE00042EA8322C2F30A028A800279521043791F
:10BCF00042EAC312C2F30A02CA804279C2F30112B5
:10BD00008A72427912119308CB728279C37942EA1E
:10BD1000032212B28A81027A437A42EA032213B2E0
:10BD200001F10C02CB81827AC37A42EA032213B278
:10BD300001F10C020B82037B8B74437BCB74827BFF
:10BD4000C37B42EA03228A82027C437C42EA0322CA
:10BD500012B20A810A88A2F5806212B20A804A8869
:10BD6000A2F5806212B24A808A88A2F5806212B27D
:10BD70008A80CA88A2F5806212B2CA800A89A2F5B6
:10BD8000806212B20A8100BF94E7026851690268BA
:10BD9000926942F0080203689A610268926942F06F
:10BDA000100203689A610268126822F001020368B7
:10BDB0001A600268126940F26F339A4303681A618D
:10BDC0000268926822F4404203689A6090F88120E9
:10BDD000042A0ED001F020025AB1D0F8842042F09B
:10BDE0008002C0F884200268926942F02002036851
:10BDF0009A6190F88120032A0ED001F040025AB1D6
:10BE0000D0F8842042F00402C0F8842002689269CD
:10BE100042F0400203689A6101F400725AB1D0F80E
:10BE2000842042F00102C0F884200268926942F442
:10BE3000007203689A6101F480725AB1D0F88420CC
:10BE400042F00802C0F884200268926942F48072CD
:10BE500003689A610022A0F86220A0F86A20704767
:10BE600010B501460124C86B04EB5013C868421C8E
:10BE7000D01DC20802FB03F010BD2DE9F0410646BB
:10BE80000D4617461C46DDF818800BE0F8F748FF12
:10BE9000A0EB0800A04201D3601C00B914B9032034
:10BEA000BDE8F081306840692840A84201D10120F6
:10BEB00000E00020B842E9D00020F1E770B52DED98
:10BEC000028B04460D46B0EE408AB0EE482ADFED04
:10BED000071A9FED061ADFED050A9FED040A0448D4
:10BEE000F6F7F2F8BDEC028B70BD00000000000018
:10BEF0002009002070B52DED028B04460D46B0EEF2
:10BF0000408AB0EE482ADFED071A9FED061ADFEDF2
:10BF1000050A9FED040A0448F6F7D6F8BDEC028B3B
:10BF200070BD0000000000006409002070B52DED18
:10BF3000028B04460D46B0EE408AB0EE482ADFED93
:10BF4000071A9FED061ADFED050A9FED040A044863
:10BF5000F6F7BAF8BDEC028B70BD000000000000DF
:10BF6000A809002070B52DED028B04460D46B0EEF9
:10BF7000408AB0EE482ADFED071A9FED061ADFED82
:10BF8000050A9FED040A0448F6F79EF8BDEC028B03
:10BF900070BD000000000000EC09002000BF4FF45D
:10BFA0007A7003F04FFCFAE710B54FF0E02000691B
:10BFB00005F06EFA012801D004F094FF10BD0000D6
:10BFC00000B59DB04C210AA8F4F7CDFB202102A8B2
:10BFD000F4F7C9FB0220F8F7FFFF00BF0020019033
:10BFE0002548006820F4404023490860084600685E
:10BFF00000F44040019000BF00BF00BF1E48006831
:10C0000000F40050B0F5005FF8D101200A90000460
:10C010000B900220139002211491032115914421C9
:10C0200016910121179104211891022119910C21D7
:10C030001A9100211B914FF4C0511C910AA8FAF7E4
:10C04000C7FB08B1F6F742FC3F20029003200390A3
:10C0500000200490082005904020069007900001E1
:10C06000089040200990032102A8FAF78BF808B144
:10C07000F6F72CFC1DB000BD184802583A4800687D
:10C0800040F47000384908603848006800F00F003C
:10C09000072806D23548006820F00F00C01D33493C
:10C0A00008603348006840F0010031490860002012
:10C0B0002F49103108602E4800682E4908402C494D
:10C0C00008602A48006800F00F00072806D92748B2
:10C0D000006820F00F00C01D24490860002024499A
:10C0E00018310860091D0860091D086022482049B0
:10C0F000283108602148091D08602148091D086091
:10C100000020091D08601E48091D08600020091D47
:10C1100008601B48091D08600020091D08601448BC
:10C12000006820F480201249086000201049603126
:10C1300008600F48D430006800F4805098B90C486B
:10C14000D430006840F480500949D431086043F28B
:10C15000D2000C4908600648D430006820F48050B2
:10C160000349D4310860704788ED00E00020005298
:10C17000004402587FEDF6EA000202020000FF01CF
:10C18000800201010040005210B50248FBF75BFB42
:10C1900010BD0000D408002010B502682E4B984254
:10C1A0000ED0B0F1804F0BD02C4B984208D02C4BC6
:10C1B000984205D02B4B984202D02B4B984203D18A
:10C1C00022F070024B681A43234B98421DD0B0F105
:10C1D000804F1AD0214B984217D0214B984214D04F
:10C1E000204B984211D0204B98420ED01F4B9842C2
:10C1F0000BD01F4B984208D01E4B984205D01E4BC7
:10C20000984202D01D4B984203D122F44072CB6871
:10C210001A4322F080034C6943EA04028B68C3622C
:10C220000B6883620C4B98420BD00F4B984208D09E
:10C230000E4B984205D00E4B984202D00D4B9842BF
:10C2400001D10B690363036843F004030360012316
:10C250004361026010BD0000000001400004004086
:10C2600000080040000C0040000401400040014074
:10C27000004401400048014000E0004000E400406C
:10C2800030B501F01F05012404FA05F3046A9C434C
:10C290000462046A01F01F0502FA05F52C430462EA
:10C2A00030BD000030B5026A056A25F0010505625F
:10C2B00043688469214D2C4024F003040D682C430D
:10C2C00022F002028D682A431D4DA84200D10FE0E2
:10C2D0001C4DA84200D10BE01B4DA84200D107E045
:10C2E0001A4DA84200D103E0194DA84208D100BF61
:10C2F000056A25F00405056222F00802CD682A438C
:10C300000F4DA8420BD00F4DA84208D00E4DA842A9
:10C3100005D00E4DA84202D00D4DA84207D123F4FE
:10C32000807323F400734D692B438D692B43436065
:10C3300084614D684563026230BD00008FFFFEFFDF
:10C340000000014000040140004001400044014061
:10C350000048014030B5026A056A25F01005056203
:10C3600043688469234D2C4024F440740D6844EAEA
:10C37000052422F020028D6842EA05121E4DA842D3
:10C3800000D10FE01D4DA84200D10BE01C4DA8428A
:10C3900000D100BF1B4DA84200D100BF1A4DA842DA
:10C3A00009D108E0056A25F04005056222F0800207
:10C3B000CD6842EA0512104DA8420BD00F4DA8429D
:10C3C00008D00F4DA84205D00E4DA84202D00E4D08
:10C3D000A84209D123F4806323F400634D6943EA42
:10C3E00085038D6943EA8503436084614D688563F5
:10C3F000026230BDFF8FFFFE0000014000040140DB
:10C4000000400140004401400048014030B5026A4C
:10C41000056A25F4807505624368C469234D2C4084
:10C4200024F003040D682C4322F400728D6842EA64
:10C4300005221F4DA84200D10FE01E4DA84200D199
:10C440000BE01D4DA84200D100BF1C4DA84200D1F9
:10C4500000BF1B4DA84209D108E0056A25F480659C
:10C46000056222F40062CD6842EA0522104DA8421E
:10C470000BD0104DA84208D00F4DA84205D00F4D4B
:10C48000A84202D00E4DA84209D123F4805323F4D0
:10C4900000534D6943EA05138D6943EA0513436070
:10C4A000C4614D68C563026230BD00008FFFFEFFAE
:10C4B00000000140000401400040014000440140F0
:10C4C0000048014030B5036A056A25F480550562CD
:10C4D0004468C269124D2A4022F440720D6842EA53
:10C4E000052223F400538D6843EA05330D4DA8421D
:10C4F0000BD00D4DA84208D00C4DA84205D00C4DD4
:10C50000A84202D00B4DA84204D124F480444D69C6
:10C5100044EA85144460C2614D680564036230BD1D
:10C52000FF8FFFFE00000140000401400040014079
:10C53000004401400048014030B5026A056A25F414
:10C54000803505624368446D114D2C400D682C43C5
:10C5500022F400320D8942EA05420E4DA8420BD06A
:10C560000D4DA84208D00D4DA84205D00C4DA84253
:10C5700002D00C4DA84204D123F480334D6943EA24
:10C580000523436044654D688565026230BD000047
:10C590008FFFFEFF00000140000401400040014009
:10C5A000004401400048014030B5026A056A25F4A4
:10C5B000801505624368446D114D2C400D6844EAB6
:10C5C000052422F400120D8942EA05520D4DA842BD
:10C5D0000BD00D4DA84208D00C4DA84205D00C4DF3
:10C5E000A84202D00B4DA84204D123F480234D6908
:10C5F00043EA8523436044654D68C565026230BDEA
:10C60000FF8FFFFE00000140000401400040014098
:10C6100000440140004801400368DB6A934202D2B3
:10C620000368DB6A9AB231B1042907D0082908D01F
:10C630000C290CD108E003685A6308E003689A6388
:10C6400005E00368DA6302E003681A6400BF00BF14
:10C650007047000010B50248FBF75CFC10BD0000FD
:10C66000C807002070B5456E2DB90125A0F86A50A5
:10C67000A0F868501CE0102310240568AD68C5F3CD
:10C6800042610568AD686A0F0A4DAD5C15FB04F5A3
:10C69000094EB65C95FBF6F5A0F86A50054D6D5C49
:10C6A00015FB03F5044E765C95FBF6F5A0F8685093
:10C6B00070BD0000901C0108981C010890F828101B
:10C6C00001F00801082907D10168496821F40041F7
:10C6D000826B11430268516090F8281001F001014B
:10C6E00039B10168496821F40031C26A1143026816
:10C6F000516090F8281001F00201022907D1016869
:10C70000496821F48031026B11430268516090F84E
:10C71000281001F00401042907D10168496821F4B7
:10C720008021426B11430268516090F8281001F09B
:10C730001001102907D10168896821F48051C26B6A
:10C7400011430268916090F8281001F0200120291F
:10C7500007D10168896821F40051026C1143026815
:10C76000916090F8281001F04001402913D1016830
:10C77000496821F48011426C114302685160416C98
:10C78000B1F5801F07D10168496821F4C001826CAE
:10C7900011430268516090F8281001F0800180294F
:10C7A00007D10168496821F40021C26C1143026875
:10C7B0005160704738B504460020C4F89000F8F77F
:10C7C000AFFA05462068006800F00800082821D16B
:10C7D0006FF07E402B4600224FF40011009020465F
:10C7E00000F0C6FBB0B100BF00BF216851E8001FD8
:10C7F00021F08000226842E800010029F5D100BF45
:10C800002020C4F8880000BF002084F8840000BF06
:10C81000032038BD2068006800F00400042830D1EF
:10C820006FF07E402B4600224FF48001009020469E
:10C8300000F09EFB28B300BF00BF216851E8001F35
:10C8400021F49070226842E800010029F5D100BF70
:10C8500000BF00BF2168083151E8001F21F001002E
:10C860002168083141E80002002AF3D100BF2020EE
:10C87000C4F88C0000BF002084F8840000BF0320AF
:10C88000C7E72020C4F88800C4F88C000020E066C8
:10C89000206700BF84F8840000BF00BFB9E770B50F
:10C8A0000446A56B2846FBF734FB70BD00BF00BFF4
:10C8B000026852E8002F22F49071036843E80012E6
:10C8C000002AF5D100BF00BF00BF0268083252E85D
:10C8D000002F104B02EA03010268083242E80013FD
:10C8E000002BF2D100BFC16E01290CD100BF00BFE7
:10C8F000026852E8002F22F01001036843E800129A
:10C90000002AF5D100BF2021C0F88C100021C1669B
:10C9100041677047FEFFFFEF10B5044600BF00BF40
:10C92000216851E8001F21F04000226842E8000120
:10C930000029F5D100BF2020C4F888000020A0679E
:10C940002046FBF717FE10BD2DE9F04F89B00546D4
:10C9500000200890F8492868884200D100E000BF14
:10C960002969A868084369690843E96940EA010838
:10C9700028680068F149084040EA08002968086012
:10C980002868406820F44050E968084329684860F6
:10C99000D5F81880E8492868884202D0286A40EA19
:10C9A000080828688068E649084040EA08002968C5
:10C9B00088602868C06A20F00F00696A0843296807
:10C9C000C86200BFDF492868884220D1DE4800687D
:10C9D00000F03800182811D005DC48B1082809D02B
:10C9E000102811D108E020280AD028280CD109E00D
:10C9F00001240BE0042409E0082407E0102405E0EA
:10CA0000202403E0402401E0802400BF42E1CF491C
:10CA10002868884219D1CC48006800F00700062831
:10CA200010D2DFE800F0030507090B0D00240BE02E
:10CA3000042409E0082407E0102405E0202403E092
:10CA4000402401E0802400BF24E1C14928688842D5
:10CA500019D1BD48006800F00700062810D2DFE8B1
:10CA600000F0030507090B0D00240BE0042409E086
:10CA7000082407E0102405E0202403E0402401E01E
:10CA8000802400BF06E1B3492868884219D1AE4826
:10CA9000006800F00700062810D2DFE800F0030568
:10CAA00007090B0D00240BE0042409E0082407E02B
:10CAB000102405E0202403E0402401E0802400BF8E
:10CAC000E8E0A5492868884219D19F48006800F02D
:10CAD0000700062810D2DFE800F0030507090B0D58
:10CAE00000240BE0042409E0082407E0102405E0FA
:10CAF000202403E0402401E0802400BFCAE09749DD
:10CB00002868884220D19048006800F03800182832
:10CB100011D005DC48B1082809D0102811D108E04F
:10CB200020280AD028280CD109E001240BE0042495
:10CB300009E0082407E0102405E0202403E0402455
:10CB400001E0802400BFA5E085492868884219D10A
:10CB50007D48006800F00700062810D2DFE800F0EA
:10CB6000030507090B0D00240BE0042409E0082449
:10CB700007E0102405E0202403E0402401E08024A5
:10CB800000BF87E077492868884219D16E4800685D
:10CB900000F00700062810D2DFE800F003050709BF
:10CBA0000B0D00240BE0042409E0082407E0102406
:10CBB00005E0202403E0402401E0802400BF69E078
:10CBC00069492868884220D15F48006800F0380031
:10CBD000182811D005DC48B1082809D0102811D137
:10CBE00008E020280AD028280CD109E001240BE015
:10CBF000042409E0082407E0102405E0202403E0D1
:10CC0000402401E0802400BF44E05849286888425D
:10CC100020D14D48006800F03800182811D005DCFC
:10CC200048B1082809D0102811D108E020280AD0DE
:10CC300028280CD109E001240BE0042409E0082491
:10CC400007E0102405E0202403E0402401E08024D4
:10CC500000BF1FE03849286888421AD13A48001DB1
:10CC6000006800F00700062810D2DFE800F0030596
:10CC700007090B0D02240BE0042409E0082407E057
:10CC8000102405E0202403E0402401E0802400BFBC
:10CC900000E0802400BF2849286888424BD1102C2E
:10CCA0001AD006DC022C09D0042C0BD0082C29D178
:10CCB0000DE0202C21D0402C24D120E0F8F7BCF945
:10CCC000064623E005A8F8F7C9F9069E1EE002A86B
:10CCD000F8F7DCFA039E19E01B4854380068C0F3EB
:10CCE000401040B1184854380068C0F3C1012048D2
:10CCF00020FA01F600E01E4E08E01E4E06E04FF45A
:10CD0000004603E000260120089000BF00BF002E6F
:10CD100010D01949686A31F81000B6FBF0F968685C
:10CD200000EB4000484503D868680003484525D219
:10CD30000120089007E153E0000C0058F369FFCF91
:10CD4000FFF4FF1100100140544402580044004019
:10CD500000480040004C00400050004000140140DA
:10CD600000780040007C004000180140001C014099
:10CD70000090D00300093D00781C01087849686ADA
:10CD800031F810C06246002330461946F3F7D3FB52
:10CD90004FF4807C00220346A3FB0C0B01FB0CB17B
:10CDA00003FB02136968490884461CEB010143EB4D
:10CDB0000200CDE90010D5F804C062460023084601
:10CDC0000199F3F7B8FB0746B7F5407F05D3B7F5F0
:10CDD000801F02D22868C760B5E001200890B2E049
:10CDE000E869B0F5004F5BD1082C1AD005DC5CB1C6
:10CDF000012C0DD0042C2DD10EE0102C16D0202C9F
:10CE000023D0402C26D122E0F9F7A8FB064625E0E6
:10CE1000F9F7B6FB064621E005A8F8F71FF9069ECC
:10CE20001CE002A8F8F732FA039E17E04D480068AC
:10CE3000C0F3401038B14B480068C0F3C1014A4804
:10CE400020FA01F600E0484E08E0484E06E04FF4B4
:10CE5000004603E000260120089000BF00BF7EB31B
:10CE60003F49686A31F81000B6FBF0F0400069688D
:10CE700000EB5100B0FBF1F7102F0ED3B7F5803F58
:10CE80000BD24FF6F07007EA000AC7F342004AEAF5
:10CE9000000A2868C0F80CA055E00120089052E074
:10CEA000082C1BD005DC64B1012C0ED0042C2ED133
:10CEB0000FE0102C17D0202C24D0402C27D123E0B9
:10CEC00041E0F9F74BFB064625E0F9F759FB06462A
:10CED00021E005A8F8F7C2F8069E1CE002A8F8F7C2
:10CEE000D5F9039E17E01F480068C0F3401038B121
:10CEF0001C480068C0F3C1011B4820FA01F600E09D
:10CF0000194E08E0194E06E04FF4004603E00026F3
:10CF10000120089000BF00BFAEB11149686A31F826
:10CF20001000B6FBF0F0696800EB5100B0FBF1F7C0
:10CF3000102F06D3B7F5803F03D2B8B22968C86076
:10CF400001E0012008900120A5F86A00A5F868001A
:10CF500000206867A867089809B0BDE8F08F000056
:10CF6000781C0108004402580090D00300093D00DD
:10CF70002DE9F04104460D4617469846069E41E0CD
:10CF8000701C00283ED0F7F7CBFEA0EB0800B042A3
:10CF900000D816B90320BDE8F0812068006800F0D1
:10CFA000040070B3802D2DD0402D2BD02068C06997
:10CFB000C0F3C00078B10820216808622046FFF75E
:10CFC00075FC0820C4F8900000BF002084F884009D
:10CFD00000BF0120DFE72068C069C0F3C02080B136
:10CFE0004FF40060216808622046FFF75FFC2020B4
:10CFF000C4F8900000BF002084F8840000BF032024
:10D00000C9E7FFE72068C0692840A84201D1012094
:10D0100000E00020B842B3D00020BCE7F8B50446D9
:10D020000E4617461D460120E06602202067A4F840
:10D030005C502068806840F040002168886020686B
:10D04000006840F01000216808600095226802F135
:10D0500024013B463246D4F88000F5F7DDFDF8BDEB
:10D0600070B504460D46D4F880000068006800F4EE
:10D070000020002878D1D4F880000068FE4988425A
:10D0800067D0D4F880000068FB491831884260D02E
:10D09000D4F880000068F8493031884259D0D4F87B
:10D0A00080000068F4494831884252D0D4F88000AA
:10D0B0000068F149603188424BD0D4F880000068A4
:10D0C000ED497831884244D0D4F880000068EA49BC
:10D0D000903188423DD0D4F880000068E649A831FC
:10D0E000884236D0D4F880000068E449884230D0C5
:10D0F000D4F880000068E1491831884229D0D4F87A
:10D1000080000068DD493031884222D0D4F88000A8
:10D110000068DA49483188421BD0D4F880000068A2
:10D12000D6496031884214D0D4F880000068D349D1
:10D13000783188420DD0D4F880000068CF49903112
:10D14000884206D0D4F880000068CC49A8318842D3
:10D150000BD1D4F880000068006820F00100D4F8FA
:10D160008010096808600AE092E0D4F88000006846
:10D17000006820F00100D4F880100968086054F8B5
:10D18000800F0068006840F400202168096808608A
:10D1900054F880090068B849884267D0D4F8800004
:10D1A0000068B5491831884260D0D4F88000006822
:10D1B000B1493031884259D0D4F880000068AE4976
:10D1C0004831884252D0D4F880000068AA496031C2
:10D1D00088424BD0D4F880000068A7497831884253
:10D1E00044D0D4F880000068A349903188423DD0F3
:10D1F000D4F880000068A049A831884236D0D4F81D
:10D20000800000689D49884230D0D4F880000068D2
:10D210009A491831884229D0D4F88000006897498B
:10D220003031884222D0D4F88000006893494831D8
:10D2300088421BD0D4F88000006890496031884251
:10D2400014D0D4F8800000688C49783188420DD021
:10D25000D4F88000006889499031884206D0D4F81B
:10D26000800000688549A831884205D12420D4F87F
:10D2700080100968486004E02420D4F88010096810
:10D280004860122D03D17E497E48FEF711FD13E15F
:10D29000D4F8800000687849884267D0D4F88000CC
:10D2A000006875491831884260D0D4F88000006861
:10D2B00071493031884259D0D4F8800000686E49F5
:10D2C0004831884252D0D4F8800000686A49603101
:10D2D00088424BD0D4F88000006867497831884292
:10D2E00044D0D4F8800000686349903188423DD032
:10D2F000D4F8800000686049A831884236D0D4F85C
:10D30000800000685D49884230D0D4F88000006811
:10D310005A491831884229D0D4F88000006857490A
:10D320003031884222D0D4F8800000685349483117
:10D3300088421BD0D4F88000006850496031884290
:10D3400014D0D4F8800000684C49783188420DD060
:10D35000D4F88000006849499031884206D0D4F85A
:10D36000800000684549A83188420AD1D4F880007D
:10D370000068006820F00100D4F880100968086097
:10D3800009E0D4F880000068006820F00100D4F8BB
:10D3900080100968086054F8800F0068006820F465
:10D3A000002021680968086054F880090068324943
:10D3B000884270D0D4F8800000682F491831884224
:10D3C00069D0D4F8800000682B493031884262D09F
:10D3D000D4F8800000682849483188425BD0D4F8EE
:10D3E0008000006824496031884254D0D4F880001D
:10D3F00000682149783188424DD0D4F88000006817
:10D400001D499031884246D0D4F8800000681A49FE
:10D41000A83188423FD0D4F880000068174988427C
:10D4200039D0D4F88000006814491831884232D0CD
:10D43000D4F8800000681149303188422BD0D4F8EC
:10D44000800000680D494831884224D0D4F880001B
:10D4500000680A49603188421DD0D4F88000006815
:10D4600006497831884216D0D4F880000068034914
:10D47000903188420FD008E01000024010040240B2
:10D48000300A00200000002405E0D4F88000006885
:10D490004B49884205D12420D4F88010096848609F
:10D4A00004E02420D4F8801009684860122D03D1CC
:10D4B00044494548FEF7FCFBD4F880000068434926
:10D4C000884267D0D4F8800000684049183188420B
:10D4D00060D0D4F8800000683C493031884259D08F
:10D4E000D4F88000006839494831884252D0D4F8D5
:10D4F000800000683549603188424BD0D4F8800004
:10D50000006832497831884244D0D4F880000068FD
:10D510002E49903188423DD0D4F8800000682B49D4
:10D52000A831884236D0D4F8800000682449A83950
:10D5300088422FD0D4F88000006821499039884271
:10D5400028D0D4F8800000681D497839884221D05D
:10D55000D4F8800000681A49603988421AD0D4F89B
:10D560008000006816494839884213D0D4F88000FA
:10D5700000681349303988420CD0D4F88000006824
:10D580000F491839884205D0D4F8800000680C494A
:10D5900088420AD1D4F880000068006840F0010099
:10D5A000D4F880100968086009E0D4F880000068A9
:10D5B000006840F00100D4F880100968086070BD70
:10D5C000B8040240300A0020240000241000024069
:10D5D00000BFFEE710B52DED0C8B0446F0EE40CAFF
:10D5E000B0EE60DAB0EE41AA94F8280040B19FEDA9
:10D5F000440A84ED110A84ED100ABDEC0C8B10BDB9
:10D6000094ED170AD4ED120A30EE600AF1EE040A26
:10D6100020EE200AD4ED150A9FED391A71EE600A4A
:10D620009FED381AB0EE40BA01EE20BADFED34BA01
:10D630003BEE2B0A84ED180A94ED180ADFED320A4E
:10D64000B4EEE00AF1EE10FA03DD9FED2F0A84ED4F
:10D65000180A94ED180ADFED2D0AB4EEE00AF1EE97
:10D6600010FA03D29FED290A84ED180A94ED120AEC
:10D67000F7EE000A80EE808A94ED040A60EE088AD4
:10D6800094ED050A20EE089A6AEE089A94ED180ABD
:10D6900020EE280AB0EE40CA09EEC9CA94ED180A75
:10D6A00020EE090AF0EE40AA49EEA8AA94ED070A76
:10D6B000F0EE401A94ED060AB0EE401A04F12C0088
:10D6C000F0EE4D0AB0EE6C0A01F040FF84F83C0029
:10D6D00094F83C0058B104F14402111FF0EE6A0ABC
:10D6E000B0EE4C0A04F12C0001F012FD05E09FEDB4
:10D6F000040A84ED110A84ED100A00BF7DE70000E2
:10D7000000000000CDCCCC3D0000C8420000C8C2E3
:10D7100010B52DED068B8CB00446F0EE409AB0EEBD
:10D7200060AAF0EE418AF0EE4A0AB0EE690A01A85A
:10D7300001F056FA2C2201A92046F2F7B8FF94F81E
:10D74000280030B1012084F870000CB0BDEC068BCD
:10D7500010BD94ED049A94ED058A69EE090A48EE2D
:10D76000080AB0EE600A00F065FD84ED120AB7EE1B
:10D77000C91AB7EEC80A00F0C7FAB7EEC00B84EDBD
:10D78000130A94ED130ADFED190A30EE600A84EDF6
:10D79000140A94F8700050B194ED120A84ED1A0A3C
:10D7A00094ED130A84ED1B0A002084F8700094EDB8
:10D7B000120AD4ED1A0A30EE600AC0EE280AC4ED4F
:10D7C000150A94ED130AD4ED1B0A30EE600AC0EE80
:10D7D000280AC4ED160A94ED120A84ED1A0A94ED93
:10D7E000130A84ED1B0A00BFAFE70000DB0FC93F3F
:10D7F0009FED080A80ED170A012180F870109FED57
:10D80000060A80ED180A9FED040A80ED190A80F8D7
:10D810002810704700005C430000000003B401982A
:10D820004100009850EAC12018BF04204A0D18BFDB
:10D8300040F0010040F2FF72B2EB515F08BF40F0D0
:10D840000200012808BF052002B07047410008020D
:10D8500018BF04200A0E18BF40F001004FF07F42AD
:10D8600032EA010108BF40F00200012808BF05208C
:10D870007047000002480068C0F3022070470000B3
:10D880000CED00E010B5002804DB0A07130E054A72
:10D89000135406E00A07140E034A00F00F031B1F7F
:10D8A000D45410BD00E400E018ED00E010B510EE17
:10D8B000104A4FF01A402DED028B00EB4400B0F1FE
:10D8C000C85F4AD84FF0FC40B0EB440F22D2B0EE14
:10D8D000C00ADFED310A30EEC00ADFED300A20EE7B
:10D8E000208A18EE100A02F031FE00EE100A14F041
:10D8F000004F1DBF9FED2A1ADFED2A0AB1EE400A44
:10D900009FED291A08BFF0EE410ADFED281A20EE3C
:10D91000210A05E020EE008A9FED251ADFED250A99
:10D92000DFED251A9FED252A70EEC00A20EE080AC9
:10D9300008EE212ADFED221A48EE021A9FED212A75
:10D9400008EE212ADFED201A48EE021ABDEC028B08
:10D9500040EE610A30EE810A10BD4FF0CC40B0EBD2
:10D96000440F82BF9FED190ABDEC028B10BD4FF032
:10D970007F40B0EB440F05D2BDEC028BBDE81040F8
:10D9800000F0C2BC0120F2F797FFBDEC028BBDE8AE
:10D99000104000F0BFBC00000000803F0000003FCE
:10D9A0000000494022AA7D3A00000000000000C0AB
:10D9B0000000C93F22AAFD3924FE1C3DC78AD83C7D
:10D9C0001E67383D1B93993DAFAA2A3EDB0FC93F26
:10D9D00010B54FF00E402DED028BB0EE408A18EEE0
:10D9E000104A00EB4400B0F1506F4AD84FF0FC40B1
:10D9F000B0EB440F22D2B0EEC80ADFED360A30EEAB
:10DA0000C00ADFED350A60EE208A18EE900A02F0B7
:10DA10009DFD01EE100A14F0004F1DBFDFED2F0A2F
:10DA20009FED2F0AB1EE411ADFED2E0A08BF9FEDE0
:10DA30002E0ADFED2E1A21EE218A05E0DFED2C0AF9
:10DA400068EE088AB0EE600A9FED2A1ADFED2A1A06
:10DA500030EE080A48EE811A9FED281A08EEA11A46
:10DA6000DFED271A48EE811A9FED261A08EEA11A5B
:10DA700068EE281ABDEC028B01EE810A30EE200A16
:10DA800010BD4FF0E440B0EB440F0CD918EE100A73
:10DA9000FFF7DCFE042808BF00F044FCB0EE480AA3
:10DAA000BDEC028B10BD4FF07F40B0EB440F07D2AE
:10DAB000B0EE480ABDEC028BBDE8104000F024BC7B
:10DAC0000120F2F7F9FEBDEC028BBDE8104000F03A
:10DAD00021BC00000000803F0000003F0000C9BFE3
:10DAE00022AAFDB90000C93F22AAFD39000000C0EA
:10DAF0000000000024FE1C3DC78AD83C1E67383D4C
:10DB00001B93993DAFAA2A3E70B565482DED020BD7
:10DB10002DED048B059D25F00044A04218DC6148E2
:10DB2000844202DC0AD1049840B19DED040BBDECA7
:10DB3000048B02B0BDE8704000F0D1BB002DCCBF1B
:10DB40009FED590B9FED5A0BBDEC048B02B070BDDD
:10DB50005948A04215DD5948A042D8BF4FF0FF34C4
:10DB600055DD9DED040B51EC100BFFF757FE04281B
:10DB700008BF00F0BDFB9DED040BBDEC048B02B0B3
:10DB800070BD9DED040B51EC100B00F0C8FFCDE90A
:10DB900004014B489FED4C0BA0421CDD4C48A042B9
:10DBA0000BDD9DED042B00249FED4B1B12EE010BB2
:10DBB00032EE011B80EE012B27E09DED041B9DED55
:10DBC000042B012431EE401B32EE000B81EE002BC2
:10DBD0008DED042B1BE04248A0420FDD9DED042B90
:10DBE00002249FED411B9DED043B32EE412B03EEE1
:10DBF000010B82EE001B8DED041B08E09DED040B74
:10DC00009FED3B1B032481EE002B8DED042B9DED3E
:10DC1000040B3948062120EE009B29EE098BB0EE5B
:10DC2000480B784400F023FB20EE099B3348B0EE0C
:10DC3000480B0521784400F01AFB20EE080B002C5D
:10DC40000BDA9DED042B39EE001B9DED040BBDECB2
:10DC5000048B02B002EE410B70BD2948784439EEC6
:10DC6000000B00EBC4009DED042B90ED001B25483C
:10DC700012EE001B9DED040B31EE400B784400EBDF
:10DC8000C400002D90ED001B31EE400BB8BFB1EE8B
:10DC9000400BBDEC048B02B070BD00000000000022
:10DCA000000010440000F07F182D4454FB21F93F80
:10DCB000182D4454FB21F9BF0000DC3F0000203E3A
:10DCC0000000F33F00000000000000000000F03FF3
:10DCD0000000E63F000000000000000000000040DF
:10DCE0000080034000000000000000000000F83F3A
:10DCF000000000000000F0BFB241000078410000C9
:10DD000030410000F040000070B5614E2DED040B75
:10DD10002DED048B82B0DDF824C0DDE907235C42E1
:10DD20002CF000411C4341EAD474069D22F00040CF
:10DD3000B44205D86C422C4340EAD474B4420BD9A7
:10DD40009DED081B9DED060B02B0BDEC048B04B0ED
:10DD5000BDE8704000F0C6BAACF14054A4F17F6455
:10DD60001C430BD0022404EAAC7444EAD274054389
:10DD70009FED498B9FED4A2B0DD016E09DED060BD4
:10DD800051EC100B00F0D6FA41EC100B02B0BDECD8
:10DD9000048B04B070BD002C14BF012C9DED060B4C
:10DDA000F4D0022C2ED0032C2FD00B439FED3E1B22
:10DDB0009FED3F0B0AD0B1421DD1B04209D121F0F5
:10DDC000804120F080400991079014E0002ADDDABC
:10DDD00015E0394B7B44002C08BF93ED000BD5D0E8
:10DDE000012C04BF93ED000BB1EE400BCED0022C02
:10DDF00008D0032C09D0B0420AD1002AC6DAB0EE0E
:10DE0000410BC3E7B0EE480BC0E7B0EE420BBDE7F5
:10DE1000401A00159FED2A9B3C28C8BF8DED000BD2
:10DE200015DCBCF1000FBCBF10F13C0F8DED009B69
:10DE30000DDB9DED061B9DED082B81EE020B51ECD9
:10DE4000100B00F06CFE00F075FACDE9000194B102
:10DE5000012C0CD09DED001B9FED1B0B022C31EE15
:10DE6000400B0CBF38EE400B30EE480B8EE70198AC
:10DE700080F0004001909DED000BB4EE490BF1EEF7
:10DE800010FA04BF0220F2F717FD9DED000B7DE7AD
:10DE90000000F07F00000000182D4454FB210940D1
:10DEA000182D4454FB2109C0182D4454FB21F9BFFF
:10DEB000182D4454FB21F93F3040000000000000C1
:10DEC0000000000000000000075C143326A6A13CFF
:10DED00070B54FF068422DED048BF0EE408A18EEDD
:10DEE000900AB0EE608A18EE101A02EB4003B3F10C
:10DEF000654F3CBF02EB4102B2F1654F7DD200BFDE
:10DF0000C0F3C753C1F3C7529A1A1B2A09DD10F098
:10DF1000004F14BF9FED830A9FED830ABDEC048B75
:10DF200070BD12F11A0F36DA11F0004F09D010F05F
:10DF3000004F0CBF9FED7D0A9FED7D0ABDEC048B69
:10DF400070BD88EE889A19EE100AFFF77FFC04284E
:10DF500008BF00F0E7F918EE900AFFF777FC0546D6
:10DF600018EE100AFFF772FC044619EE100AFFF7CC
:10DF70006DFC042D18BF052D08D1042C18BF052CED
:10DF800004D1002804BF0220F2F796FCB0EE490A43
:10DF9000BDEC048B70BD4200B2EB410F3AD910F0DA
:10DFA000004F19BFDFED630A9FED630ADFED630ADF
:10DFB0009FED630AB0EE481A0A46B1EE688A80F017
:10DFC0000041F0EE418A10460A1A5200B2F1807FF9
:10DFD00034D2484010F0004FDFED5A1A9FED5A2A14
:10DFE0001DBF9FED5A1A70EEE10A30EE420A9FED16
:10DFF000581A08BF70EEA10A00E040E008BF30EEFA
:10E00000020AB0EE682A01EE482A08EE818AC2EEC2
:10E01000081A15E011F0004F04BF9FED4E0AF0EE14
:10E02000400AD1D010F0004F19BFDFED4B0A9FED31
:10E030004B0ADFED4B0A9FED4B0AC5E7C8EE881A85
:10E0400021EEA11A9FED482ADFED482A41EE022A6F
:10E050009FED472A01EE222ADFED462A41EE022AF1
:10E060009FED452ABDEC048B01EE222A21EE811A98
:10E0700001EE020A30EE210A30EE200A70BD4FF0A8
:10E080007F42B2EB400F28BFB2EB410F09D2F0EE56
:10E09000480AB0EE680ABDEC048BBDE8704000F0A1
:10E0A00036B940EA01035B0008BF41F0FF410BD0E5
:10E0B000B2EB400F08BFB2EB410F08D120F0804017
:10E0C00008EE900A21F0804108EE101A18E7B2EB32
:10E0D000400F12BF5FEA410340F0FF4001F00041F2
:10E0E0003FF40EAFB2EB410F12BF5FEA400200F007
:10E0F000004041F0FF413FF403AF4A0092EA400381
:10E100003FF5FEAE002AACBF9FED1C0A9FED1C0A36
:10E1100068EE808A28EE008A18EE900A18EE101A2F
:10E12000EEE60000DB0FC9BFDB0FC93FDB0F494044
:10E13000DB0F49C00000C9BF22AAFDB90000C93FDA
:10E1400022AAFD390060ED3EC30ACE37000000BFB1
:10E150000000003F00000000000049C022AA7DBA74
:10E160000000494022AA7D3A2DAD65BD8FB8D53D4E
:10E170000FB511BE61C84C3EA8AAAABE0000804FD0
:10E180000000802F10B52DED028BF0EE408A18EEC6
:10E19000900AB0EE608A20F00040C0F1FF40C00F4E
:10E1A00007D118EE100A20F00040C0F1FF40C00F68
:10E1B0002BD018EE101A18EE900A03F059FC00EE5E
:10E1C000100A10EE100A6FEAD05010F0FF0F04BFD3
:10E1D000BDEC028B10BD18EE900A00F0004110EE6D
:10E1E000100A00F00040814204BFBDEC028B10BD5C
:10E1F00018EE101A10EE100ABDEC028B61F31E002F
:10E2000000EE900A30EE600A10BD18EE900A4FF052
:10E210007F41B1EB400F1CBF18EE100A5FEA4000CF
:10E22000C7D10120F2F748FBBDEC028BBDE81040DE
:10E2300000F070B810B52DED028BB1EEC08A18EE6B
:10E24000100A20F00040C0F1FF40C00F0AD010EECD
:10E25000100A20F00040C0F1FF40C00F04BF0120B1
:10E26000F2F72AFBB0EE480ABDEC028B10BD491E46
:10E2700000EBC102B0EE401B92ED000B31F0060244
:10E280000DD0491E00EBC102B0EE403B92ED002BD9
:10E2900031F00602B0EE420B03EE010BF1D1022980
:10E2A00014D004290AD0062918BF704790ED0A2B14
:10E2B00000EE012B90ED080B02EE010B90ED062B0A
:10E2C00000EE012B90ED040B02EE010B90ED022B02
:10E2D00000EE012B90ED000B02EE010B704730EECB
:10E2E000000B704730EE010B70470000000000008B
:10E2F0009FED030B20EE000B7047000000000000B4
:10E30000000000000000001030EE000A704730EE00
:10E31000200A7047DFED020A80EEA00A7047000075
:10E32000000000009FED020A20EE000A7047000086
:10E330000000001010B541EC100BFFF7E5FB51ECAD
:10E34000100B10BD10B5F2F71DFF8020F3F7E2F8B7
:10E350005520F3F7DFF85520F3F7DCF85049087043
:10E36000F2F706FF0120F5F7ABFCF2F70BFF802078
:10E37000F3F7D0F85520F3F7CDF85520F3F7CAF8A6
:10E3800047490870F2F7F4FE0120F5F799FCF2F71F
:10E39000F9FEB6217E20F3F7CFF8F2F7E9FE502020
:10E3A000F5F78EFCF2F7EEFE8020F3F7B3F8552078
:10E3B000F3F7B0F85520F3F7ADF839490870F2F7E4
:10E3C000D7FE0120F5F77CFCF2F7DCFE8020F3F7A6
:10E3D000A1F85520F3F79EF85520F3F79BF8304944
:10E3E0000870F2F7C5FE0120F5F76AFC2C480078AA
:10E3F0001E2801D0FF2010BD00202A49087049E0E6
:10E40000F2F7C0FE274A127802EB4202264B1A446A
:10E410005178244A127802EB4202985CF3F78CF8A8
:10E42000F2F7A6FE0120F5F74BFCF2F7ABFE1D4913
:10E43000097801EB41011C4A515C41F08000F3F77F
:10E4400069F85520F3F766F85520F3F763F8144997
:10E450000870F2F78DFE0120F5F732FC11480078C4
:10E4600000EB40001049084440780D490978884283
:10E470000BD00C48007800EB40000B490844807832
:10E480000A49097808430949087006480078401C81
:10E4900004490870034800780628B1DB0020AAE789
:10E4A000C0040020C1040020CC040020C2040020CD
:10E4B00010B5F2F77BFE45490020F3F71EF8F2F79E
:10E4C0006BFE0120F5F7FCFBF2F770FE3F490020E0
:10E4D000F3F713F8F2F760FE0120F5F7F1FBF2F71E
:10E4E00065FEB6211420F3F727F8F2F755FE502009
:10E4F000F5F7E6FBF2F75AFE34490020F2F7FDFF8C
:10E50000F2F74AFE0120F5F7DBFBF2F74FFE2F4949
:10E510000020F2F7F2FFF2F73FFE0120F5F7D0FB03
:10E520002A4800780F2801D0FF2010BD002028497C
:10E53000087045E0F2F73AFE254A127802EB4202F3
:10E54000244B1A445178224A127802EB4202985C1A
:10E55000F2F7F2FFF2F720FE0120F5F7B1FBF2F738
:10E5600025FE1B49097801EB41011A4A505C174905
:10E57000F2F7C3FFF2F710FE0120F5F7A1FB1448F4
:10E58000007800EB40001349084440780F490978AF
:10E59000884210D00E480078401E0D490870084689
:10E5A000007800EB40000C49084480780B4909785A
:10E5B00008430A49087006480078401C044908705E
:10E5C000034800780628B5DB0020AEE7C004002031
:10E5D000C1040020DE040020CC040020C20400207E
:10E5E000816900EE101A816A00EE901A20EE200A6E
:10E5F000B5EEC00AF1EE10FA65DD816900EE101A81
:10E60000B5EEC00AF1EE10FA03DD816900EE101AD2
:10E6100004E0816900EE101AB1EE400A416D00EE8F
:10E62000901AB4EEE00AF1EE10FA00D87047016DCE
:10E6300000EE101A416D00EE901A70EE200A81690A
:10E6400000EE101AB5EEC00AF1EE10FA03DD816992
:10E6500000EE101A04E0816900EE101AB1EE400AD3
:10E66000F4EEC00AF1EE10FA28DB016D00EE901A0C
:10E67000816900EE101AB5EEC00AF1EE10FA03DD62
:10E68000816900EE101A04E0816900EE101AB1EE03
:10E69000400A70EEC00A416D00EE101A30EE801A8A
:10E6A000016D00EE101AC1EE000A016B00EE101AA7
:10E6B00020EE800A10EE101A016304E09FED030AB9
:10E6C00010EE101A016300BFB0E700000000000068
:10E6D00050F82C1F00EE101A416E00EE901A60EEFA
:10E6E000201A016B00EE101A416E00EE901A30EE07
:10E6F000200A81EE801A016900EE101A016B00EE0B
:10E70000901A60EE201A00EE101A416E00EE901A78
:10E7100030EE200AC1EE800A31EE200A10EE101A07
:10E7200040F82C19704710B50446D4F8940090BBFB
:10E73000B4F86000022817DD206901EE100AB1EE7E
:10E74000411AF0EE410AD4F8900000EE100A04F1EC
:10E750006200FCF717FDE06800EE900A20EE200A48
:10E7600010EE100AE06257E0606900EE100A2069BE
:10E7700000EE900A70EE600AE06800EE100A20EEEB
:10E78000801AD4F8900000EE100AC1EE000A10EED4
:10E79000900AE06240E0FFE7B4F8600002281EDD66
:10E7A000206901EE100AB1EE411AF0EE410AD4F8E8
:10E7B000900000EE100A04F16200FCF7E3FCE06850
:10E7C00000EE900AD4F89400806801EE100A70EE12
:10E7D000810A20EE200A10EE100AE0621CE0E068D8
:10E7E00000EE100AD4F89400806800EE900A30EE33
:10E7F000201A606900EE100A206900EE900A30EEDF
:10E80000600A21EE001AD4F8900000EE900A81EE22
:10E81000200A10EE100AE06210BD0000816A00EECE
:10E82000101A016B00EE901A30EE200A334981ED88
:10E83000000A416A00EE101A816A00EE901A70EE2A
:10E84000200AC16A00EE101A30EE800A2C4981EDD0
:10E85000000A91ED000AB5EEC00AF1EE10FA91ED52
:10E86000000AD1ED000AF1EE600A70FE200A016C88
:10E8700000EE101AF4EEC00AF1EE10FA11DD816913
:10E8800000EE101A816A00EE901A20EE200AB5EE12
:10E89000C00AF1EE10FA04DD9FED1A0A10EE101A0C
:10E8A0000163416C00EE101A1449D1ED000AB4EE78
:10E8B000E00AF1EE10FA06D29FED120A10EE101ADD
:10E8C0000163416C8162416C00EE101AB1EE400AA6
:10E8D0000A49D1ED000AB4EEE00AF1EE10FA0CDDBF
:10E8E0009FED080A10EE101A0163416C00EE101A39
:10E8F000B1EE400A10EE101A8162704758030020F2
:10E90000540300200000000050F8341F00EE101ADD
:10E91000C16D00EE901A60EE201A416A00EE101AE6
:10E92000C16D00EE901A30EE200A81EE801A416827
:10E9300000EE101A416A00EE901A60EE201A00EE06
:10E94000101AC16D00EE901A30EE200AC1EE800A56
:10E9500031EE200A10EE101A40F834197047416B5E
:10E9600000EE101A016C00EE901AB4EEE00AF1EE1F
:10E9700010FA01DD016C4163416B00EE101A016C6D
:10E9800000EE901AF1EE600AB4EEE00AF1EE10FA31
:10E9900007D2016C00EE101AB1EE400A10EE101A08
:10E9A0004163704710B5416B00EE101A016C00EE28
:10E9B000901A9FED261A60EE810AB4EEE00AF1EE9D
:10E9C00010FA0BD3016800EE101AF0EEC00A9FEDAA
:10E9D000200AF4EEC00AF1EE10FA00D210BD016870
:10E9E00000EE901A016901EE101A30EEC10AF0EE45
:10E9F000C00A016800EE101AB0EEC01A80EE810A5B
:10EA0000DFED140AB4EEE00AF1EE10FA09DD50F879
:10EA1000994F4168631C41F10001036041609938DE
:10EA200004E00022C0F89920C0F89D20D0F8992079
:10EA3000D0F89D304FF4FA740021A21A994102D205
:10EA40000122A1210A5400BFC8E700006F12833AD7
:10EA500017B7D1383333733F416A00EE101A016C97
:10EA600000EE901AB4EEE00AF1EE10FA01DD016C4E
:10EA70004162416A00EE101A016C00EE901AF1EE4C
:10EA8000600AB4EEE00AF1EE10FA07D2016C00EE73
:10EA9000101AB1EE400A10EE101A41627047D0F819
:10EAA0009410D1B9816900EE101AC16900EE901A74
:10EAB00030EE200AB0EE001AC0EE010A816800EEC6
:10EAC000101A60EE800AD0F8901000EE101A20EEB6
:10EAD000800A10EE101A016320E0816900EE101A1E
:10EAE000C16900EE901A30EE200AF0EE000A80EEC6
:10EAF000201A816800EE101AD0F89410496800EED0
:10EB0000901A30EE200A61EE000AD0F8901000EE64
:10EB1000101A20EE800A10EE101A0163704782B0BE
:10EB2000CDE9000121F0004001909DED000B02B005
:10EB300051EC100B7047F0EE400AB0EEE00A70475F
:10EB4000F0EE400AB0EEE00A7047F0EE400AB0EE98
:10EB5000E00A7047F0EE400A00BFB0EEE00A7047EE
:10EB600010B52DED028BB0EE408AB0EE480AFEF7EC
:10EB70009DFEBDEC028B10BD10B52DED028BB0EEED
:10EB8000408BF0EE680AB0EE480AFFF7A1F9BDEC41
:10EB9000028B10BD10B52DED028BB0EE408BF0EE68
:10EBA000680AB0EE480AFFF793F9BDEC028B10BD7E
:10EBB00010B52DED028BB0EE408AB0EE480AF1F7A9
:10EBC0002DFFBDEC028B10BD10B52DED028BB0EE0C
:10EBD000408AB0EE480AF1F721FFBDEC028B10BD70
:10EBE0002DE9F0412DED108B9EB00746B0EE40DAD6
:10EBF000B0EE60BA2C2113A8F1F7B5FDB0EE4D0AC6
:10EC000000F083FD8DED120AB0EE4D0AFFF7D0FF44
:10EC10008DED110AB0EE4B0A00F077FD8DED100A74
:10EC2000B0EE4B0AFFF7C4FF8DED0F0A9DED110A00
:10EC3000DFEDFE0A20EE200A8DED130A9DED120A8B
:10EC4000DFEDFA0A20EE200A8DED140A9DED0F0A81
:10EC5000DFEDF60A20EE200A8DED150A9DED100A73
:10EC6000DFEDF20A20EE200A8DED160A9DED150A61
:10EC7000DDED130A30EE600AB0EE40AA9DED160AF3
:10EC8000DDED140A30EE600AB0EE409A2AEE0A0A70
:10EC900009EE090A8DED0E0A9DED0E0A00F04DFDFC
:10ECA000B0EE40CA9FEDE20A8DED0D0A9FEDE10A3C
:10ECB0008DED0C0A9DED0C0ADFEDDF0A30EE600AE7
:10ECC000B4EECC0AF1EE10FA0ADC9DED0D0ADFED90
:10ECD000DA0A30EE200AB4EECC0AF1EE10FA0CD2C9
:10ECE00001208DF874002C2213A93846F1F7DFFCBF
:10ECF0001EB0BDEC108BBDE8F0819FEDCF0AB4EEE5
:10ED0000C0CAF1EE10FA08D203208DF874002C224C
:10ED100013A93846F1F7CBFCEAE79FEDC50A6AEE86
:10ED2000009A9FEDC30A29EE008A9DED0E0ADFEDE1
:10ED3000C10A70EEC08A29EEA90A08EE080AF0EEB0
:10ED400040BA48EEE8BA9FEDBD0AF4EEC0BAF1EE63
:10ED500010FA08D201208DF874002C2213A938462D
:10ED6000F1F7A5FCC4E7F5EEC0BAF1EE10FA03D254
:10ED70009FEDB00AF0EE40BAB0EE6B0A00F0DDFC99
:10ED8000F0EE40CA002479EEA80AB0EE600AFFF760
:10ED9000D7FEDFEDA90AB4EEE00AF1EE10FA2BD2AD
:10EDA000B0EE480AFFF7CCFEDFEDA30AB4EEE00AAE
:10EDB000F1EE10FA17DDB0EE001A28EE011AF0EEAF
:10EDC000410A38EEE91AB0EE410AFFF7D5FEF0EE3F
:10EDD000000A20EE200A2046641C0AA901EB8000EC
:10EDE00080ED000A32E001208DF874002C2213A976
:10EDF0003846F1F75CFC7BE739EEA81AF0EE410AE1
:10EE000038EE2C1AB0EE410AFFF7B6FEF0EE000A1B
:10EE100020EE200A2046641C0AA901EB800080ED48
:10EE2000000A39EEA81AF0EE410A38EE6C1AB0EE7C
:10EE3000410AFFF7A1FEF0EE000A20EE200A20466C
:10EE4000641C0AA901EB800080ED000A9DED140A04
:10EE5000B1EE400A20EE0A0ADDED130AF1EE600A77
:10EE6000B0EE40EA09EE60EADFED75EA9FED710A67
:10EE70008DED090A9FED6F0A8DED080A0026002529
:10EE8000AFE00AA800EB8500D0ED000AB0EE600A02
:10EE900001F030FF8DED070A9DED070AFFF788FEB0
:10EEA0009FED681AF0EE4A0A41EE000ACDED060A1F
:10EEB0009DED070A00F029FC9FED621AF0EE490A69
:10EEC00041EE000ACDED050ADDED060A9DED050ACD
:10EED000FFF752FE8DED000A9DED000A01F00AFFDA
:10EEE0008DED040A9DED040AFFF762FEDDED130AC5
:10EEF0009FED541A41EE000ACDED030A9DED040A80
:10EF000000F003FCDDED140A9FED4E1A41EE000AFD
:10EF1000F0EE60AA9DED070AFFF74AFEDDED150A47
:10EF20009FED481A41EE000ACDED020A9DED070A59
:10EF300000F0EBFBDDED160A9FED421A41EE000AF0
:10EF4000B0EE60FA9DED030ADDED020A30EE600AD4
:10EF500020EE000A7AEECF0A3AEECF1A00EE810ACE
:10EF60008DED010A9DED010AF7EE000AB4EEE00A0C
:10EF7000F1EE10FA00DD33E09DED140A3AEEC00A1E
:10EF800020EE0A0A9DED131ADDED030A70EEC10AA8
:10EF9000F0EE40FA49EE60FA2FEE8E0AB5EEC00AA6
:10EFA000F1EE10FA01D2012000E000208046B8F115
:10EFB000000F00D114E0F0EE6ADAF0EE6DAAF4EE84
:10EFC000EEAAF1EE10FA0ADDF0EE6DEA9DED070A09
:10EFD0008DED090A9DED040A8DED080A012600BF9A
:10EFE0006D1CA542FFF64DAF46B901208DF87400A7
:10EFF0002C2213A93846F1F75AFB79E69DED080A51
:10F000008DED190A9DED090A8DED1A0ADDED190A3B
:10F01000B0EE600AFFF7CCFDDDED130A9FED091A93
:10F0200041EE000ACDED170A0EE000000000524349
:10F030000000FA4300000000BD378635BD3786B5B5
:10F04000286B6ECE00007A43DDED190AB0EE600A3F
:10F0500000F05BFBDDED140A1FED061A41EE000A1D
:10F06000CDED180A00BFF0EE4B0AB0EE4D0A01F0EC
:10F0700043FA8DED1B0A9DED1A1AF0EE410A9DED43
:10F08000191AB0EE410A01F037FA8DED1C0A9DED18
:10F090001B0ADFED1B0AB4EEE00AF1EE10FA1CD3F6
:10F0A0009DED1B0AB7EEC00A9FED161BB4EEC10B17
:10F0B000F1EE10FA11DC9DED1C0ADFED110AB4EE41
:10F0C000E00AF1EE10FA08D39DED1C0ADFED0F0AFD
:10F0D000B4EEE00AF1EE10FA08DD02208DF87400BB
:10F0E0002C2213A93846F1F7E2FA01E600208DF848
:10F0F00074002C2213A93846F1F7D9FA00BFF7E5BE
:10F10000920A863ED578E92631080840884E384074
:10F1100090ED001A21EE001AD0ED021A01EEA01AAD
:10F1200081ED001A90ED011A21EE001AD0ED031ABC
:10F1300001EEA01A82ED001A704700002DE9F0439D
:10F140002DED108B9DB00646F0EE40AAF0EE608AE1
:10F15000182117A8F1F707FB9FEDF30A8DED160AAA
:10F160006AEEAA0A48EEA80AB0EE600A00F0F1FAC8
:10F17000B0EE40EA9FEDED0AB4EEC0EAF1EE10FA0F
:10F180000CD201208DF85C00182217A93046F1F747
:10F190008EFA1DB0BDEC108BBDE8F083F0EE6A0A6C
:10F1A000B0EE680AFFF7F6FCB0EE409A15A89FEDA6
:10F1B000E01AF0EE4E0A9FEDDF0A01F0E7F948B1E0
:10F1C00014A89FEDDB1AF0EE4E0A9FEDDA0A01F06B
:10F1D000DDF940B902208DF85C00182217A93046ED
:10F1E000F1F765FAD5E7DDED150A79EE200AB0EE04
:10F1F000600A01F0A1FD8DED130ADDED150A79EE2F
:10F20000600AB0EE600A01F097FD8DED120ADDEDA7
:10F21000140A79EE200AB0EE600A01F08DFD8DED42
:10F22000110ADDED140A79EE600AB0EE600A01F011
:10F2300083FDB0EE40DA9DED150ADFEDBC0AB4EEB9
:10F24000E00AF1EE10FA0ADD9DED150ADFEDBA0ACB
:10F25000B4EEE00AF1EE10FA01D2022000E0012043
:10F2600007469DED140ADFEDB10AB4EEE00AF1EEB7
:10F2700010FA0ADDDDED140A9FEDAF0AF4EEC00AC4
:10F28000F1EE10FA01D2022000E0012080460024B5
:10F290003DE1002C9DED130ADDED120A00FE200A6F
:10F2A000B0EE40CA7CEE490AB0EE600A01F0E8FC1C
:10F2B0008DED100AB0EE4C0AFFF786FCDFED9D0ADB
:10F2C00020EE200AF0EE409AB0EE4C0A00F029FA47
:10F2D000DFED980A20EE200AB0EE408A7AEEE90AC5
:10F2E00060EEA00A38EEC81A78EEC81A41EE210A7C
:10F2F000B0EE600A00F02DFA8DED0F0ADDED0F0A79
:10F300009FED8B1A70EEC10AB0EE600AFFF722FC87
:10F31000F6EE000AB4EEE00AF1EE10FA00DDF5E0D8
:10F320000025EFE0002D9DED110A00FE0D0AB0EE64
:10F3300040BA7BEE490AB0EE600A01F0A1FCF0EEA3
:10F3400040EA9DED100ADFED790AB4EEE00AF1EE35
:10F3500010FA07DD9FED750AF4EEC0EAF1EE10FA3F
:10F3600000DDCEE09DED100ADFED740AB4EEE00A98
:10F37000F1EE10FA07D29FED710AF4EEC0EAF1EE59
:10F3800010FA00D2BDE07BEE4C0AB0EE600A01F04C
:10F3900077FCB0EE40FAB0EE4F0AFFF7DBFBDFED93
:10F3A000680AB4EEE00AF1EE10FA00D2A9E0B0EE7D
:10F3B0004B0AFFF709FCDFED5F0A60EE20BAB0EE02
:10F3C0004B0A00F0AEF9DFED5B0A20EE20AA7BEEDF
:10F3D000E90A60EEA00A3AEE481A7AEE481A41EEBF
:10F3E000210AB0EE600A00F0B4F9F0EE40CA9FEDD9
:10F3F000550A8DED0E0A9DED0E0AF6EE000A70EE2E
:10F40000600AB0EE6C0AF4EEC00AF1EE10FA06DC07
:10F410009FED4D0AF4EEC0CAF1EE10FA00DD70E087
:10F4200029EE8A0A08EE6B0A8DED0D0A9DED0D0A94
:10F43000DFED3E0AB4EEE00AF1EE10FA00D260E031
:10F44000F0EE4B0AB0EE4C0A02A8FFF7C9FB9DF89C
:10F45000300000B155E09DED060A70EE6AFA9DEDB0
:10F46000070A70EE68DA2FEEAF0A0DEEAD0AF5EE80
:10F47000000AB4EEE00AF1EE10FA00DD41E03BEEE6
:10F48000E90AF1EE480A20EE200A7AEE480AB1EEC7
:10F49000691A00EEC10A8DED010A3BEEE90ADDEDC5
:10F4A000070A70EEC80A20EE200A7AEE480A9DED9F
:10F4B000061A31EE691A00EEC10A8DED000A9DEDC3
:10F4C000000ADDED010A20EE200AB5EEC00AF1EED9
:10F4D00010FA01D2012000E00020814600208DF8C2
:10F4E0005C008DED18CA8DED19BADDE90601CDE994
:10F4F0001A018DF87090182217A93046F1F7D7F845
:10F5000047E66D1C4545FFF60DAF00BF641CBC42CD
:10F51000FFF6BFAE03208DF85C00182217A9304615
:10F52000F1F7C5F800BF34E6DB0F4940BD3786353B
:10F5300000007A4300005243D70F4940BD3786B5DB
:10F54000920A863E000000000040FA4310B52DEDFF
:10F550000E8BB0EE40BBF0EE418AB0EE619A0446ED
:10F5600079EE680AB0EE600A01F050FBB0EE40EAB6
:10F5700000F0CBF8B0EE40CAB0EE4C0AFFF7E0FA6C
:10F58000DFED360AB4EEE00AF1EE10FA0DD29FED8F
:10F59000340A84ED030A84ED020A84ED010A84ED45
:10F5A000000A0020BDEC0E8B10BDB7EE000A80EE05
:10F5B0000C8A78EECB0AB0EE600A01F027FBB0EEC1
:10F5C00040EA00F0A2F8DFED270A60EE209A79EE1B
:10F5D0006B0AB0EE600A01F019FBB0EE40EA00F0F1
:10F5E00094F8DFED200A20EE20AAB0EE490A00F0E0
:10F5F0008CF8F0EE40CAB0EE490AFFF7D9FAB0EE47
:10F6000040DAB0EE680A00F080F8F0EE40DAB0EED2
:10F61000680AFFF7CDFAF0EE40AA28EE2C0A20EE99
:10F62000290A84ED000AB1EE6D0A28EE000A20EEE8
:10F630000A0A84ED010AB1EE4D0A28EE000A20EE16
:10F64000290A84ED020AB0EE6A0A28EE000A20EECA
:10F650000A0A84ED030A0120A4E70000BD378635BD
:10F660000000000000005243F0EE401AF4EEE01AF1
:10F67000F1EE10FA02D2B0EE600A7047F4EEC11A51
:10F68000F1EE10FA02DDB0EE410AF6E7B0EE610AE3
:10F69000F3E70000FDEEC00A0E48C0ED000AD0ED11
:10F6A000000AF8EEE00A70EE600A0B48C0ED000AAE
:10F6B000D0ED000AB6EE001AF4EEC10AF1EE10FA2F
:10F6C00004DD04480068401C0249086001480068E5
:10F6D000704700007C03002080030020014631EECB
:10F6E000602AF0EE421A70EE602A01208840401E27
:10F6F00002EE100AB8EEC22A22EE822AC2EE212AB7
:10F70000BDEEE22A12EE100A704710B52DED028B05
:10F71000B0EE408AB0EE480AF1F7E4FCBDEC028B93
:10F7200010BD10B52DED028BB0EE408AB0EE480A48
:10F73000F1F7D8FCBDEC028B10BD10B52DED028B9E
:10F74000B0EE408AB0EE480AFEF774FDBDEC028BC5
:10F7500010BD10B52DED028BB0EE408AB0EE480A18
:10F76000FEF768FDBDEC028B10BD0000F0EE400A14
:10F77000F6EE001A60EEA11AB0EE611AB0EE600A61
:10F7800010EE100A0749A1EB600000EE100A21EE0E
:10F79000002AF7EE081A42EE401A61EE801AB0EE27
:10F7A000610A7047865A375FFBF714FAF5F7CAFA11
:10F7B000FCF706FCFBF788FBFBF738FAFBF748FA87
:10F7C000FBF79CFAFBF7F2FAFBF72CFCFBF75CFC6F
:10F7D000FBF79AFCF2F7E2FD40F22620F2F72CFF4D
:10F7E000FCF758FA00BF00211248F1F727FE002865
:10F7F000F9D11148F5F76BF9002201210E48F4F711
:10F8000073FA0E48F5F763F9002201210B48F4F76B
:10F810006BFA0B48F5F75BF9002201210848F4F771
:10F8200063FA00F04BF8FBF719FB00F061F800BF3A
:10F83000FEE70000F406002014050020B4050020B7
:10F840005406002070B50546FAF7F3FA10B16FF0D0
:10F85000050404E0002415B1284601F095F820467F
:10F8600070BDF8B50646FAF7E4FA10B16FF0050579
:10F8700011E0002501F01CFE00900098341A44B1FC
:10F88000E00F30B92146684601F096FD18B96D1EAB
:10F8900001E06FF003052846F8BD10B5FAF7C9FA84
:10F8A00018B101F00BFE044602E001F001FE04462F
:10F8B000204610BD4FF47A707047000070B5FAF71B
:10F8C000B8FA10B16FF005040EE001F0E1FD054655
:10F8D000012D07D10548006820B9012003490860BF
:10F8E000002401E04FF0FF34204670BD8C0400205E
:10F8F00070B5FAF79EFA10B16FF0050424E001F03C
:10F90000C7FD0546012D1DD110480068012819D1F9
:10F9100000BF801F0021002804DB0A07130E0C4AD9
:10F92000135406E00A07160E0A4A00F00F031B1FC5
:10F93000D65400BF00BF02200449086001F0B4F8AB
:10F94000002401E04FF0FF34204670BD8C040020FD
:10F9500000E400E018ED00E02DE9FF47804689460D
:10F96000144600200390FAF764FA00284ED1B8F14B
:10F97000000F4BD0802618258246471E44B32068CE
:10F9800008B1D4F800A0A06900B1A5692DB1382D47
:10F9900003D8207900F0010018B1002004B0BDE8C0
:10F9A000F087606908B160698608A06840B1E068C6
:10F9B0005C2805D3206918B1606908B1012708E007
:10F9C000A06830B9E06820B9206910B9002700E0CC
:10F9D0000027012F0CD12169A0684B463246CDE9A2
:10F9E000005102905146404601F084FC03900DE026
:10F9F00067B903A8B2B24B465146CDE90050404624
:10FA000001F042FC012801D0002003900398C5E7D3
:10FA10002DE9F04105460E46214807682148006857
:10FA2000001D00F027FE681CE0B9DEB100BF1E49D2
:10FA300048681C49096888601A4982680968CA6070
:10FA400018490968091D8268516016490968091D2D
:10FA50008160154A134909684A6111460968491CC1
:10FA600011601AE07C190F4800684460BC4207D25C
:10FA70000C480168091D0D48006800F037FE0CE0D5
:10FA800008480168091D0A48006800F02FFE09486F
:10FA90000068844201D207480460BDE8F08100009C
:10FAA0004C040020380400202815002040040020C9
:10FAB0003C0400206804002010B5044600F030FE2D
:10FAC00033480068401C324908603248006840B939
:10FAD000304804600846006801280DD100F0DEF9C6
:10FAE0000AE02D48006838B92A480068C06AE16A0F
:10FAF000884201D82748046028480068401C2749EC
:10FB0000086008460068606400BF00BF2449E06ADE
:10FB10000968884202D92249E06A086000BF00BF34
:10FB2000E16A01EB81011F4A02EB81014868A06094
:10FB30008268E260211D826851608160E16A01EBA8
:10FB40008101184A02EB81026261E16A01EB8101E5
:10FB5000144A52F82110491CE26A02EB8202114B4E
:10FB600043F8221000BF00BF00F004FE0A480068FE
:10FB700068B108480068C06AE16A884207D24FF05D
:10FB8000805009490860BFF34F8FBFF36F8F10BDDE
:10FB9000480400203804002054040020640400209D
:10FBA000500400207810002004ED00E008B500F0BB
:10FBB000B7FD12480068E8B9114800F087FD114808
:10FBC00000F084FD0E48104908600E480F49086097
:10FBD00000200F4B0F4A102100900A2001F09CF9E1
:10FBE000064908600846006820B10BA10348006878
:10FBF00000F074FE00F0BEFD08BD0000800400208F
:10FC00003C15002050150020780400207C040020C2
:10FC100064150020B4150020546D725100000000DE
:10FC200010B516E000F07CFD0C48C068C468201DCB
:10FC300000F020FD0A480068401E09490860094894
:10FC40000068401E0749086000F094FD204600F05F
:10FC500020F8044800680028E4D110BD14150020E5
:10FC6000480400204404002070B504460D46206C72
:10FC700070B1216CE0680144E160D4E9021088426F
:10FC800001D32168E1602846226CE168F0F7CAFCE4
:10FC900070BD10B5044694F8590030B9206B00F0DF
:10FCA00087FD204600F084FD1AE094F859000128F1
:10FCB00003D1204600F07CFD12E094F859000228A0
:10FCC00001D1012000E0002050B900BF502080F396
:10FCD0001188BFF34F8FBFF36F8F00BF00BFFEE7E8
:10FCE00010BD00000146084A126812680AB90122D4
:10FCF00000E000220A600A6822B9034A1268D2684A
:10FD0000106800E0002070477804002030B54FF400
:10FD10007053154800F007042CB1C01D20F00700F7
:10FD2000114C041B1B1B0246104C226000240F4D7B
:10FD30006C60D018083820F007000D4C20600024BB
:10FD40000B4D2D686C600A4D2D682C601146441ACD
:10FD50004C60074C24680C60064D4C682C60064DC6
:10FD60004C682C6030BD00000C1D00209004002069
:10FD700098040020A00400209C04002000BFFFF78E
:10FD80004FFF064800680128F9D94FF08050044918
:10FD90000860BFF34F8FBFF36F8FF0E7781000203C
:10FDA00004ED00E02DE9F04106460D461746984661
:10FDB000069C0DB9246000E02760E66325640121FC
:10FDC000204601F0F7F884F84C80BDE8F0812DE979
:10FDD000F05F82460F4690469B460A9E0C9C4FEA77
:10FDE0008801A522206BF0F794FCA8F10100216B9B
:10FDF00001EB800929F0070909F0070008B9012083
:10FE000000E0002050B900BF502080F31188BFF3FC
:10FE10004F8FBFF36F8F00BF00BFFEE77FB100259C
:10FE200007E0795D04F134004155785D00B902E0E6
:10FE30006D1C102DF5D300BF002143200155382E35
:10FE400001D2012000E0002050B900BF502080F313
:10FE50001188BFF34F8FBFF36F8F00BF00BFFEE766
:10FE6000382E00D33726E662E664201D00F03BFC06
:10FE700004F1180000F037FC2461C6F13800A061DD
:10FE800064625A465146484600F020FB20600B98B9
:10FE900008B10B980460BDE8F09F000010B5002485
:10FEA00007E004EB84010F4A02EB810000F00EFC36
:10FEB000641C382CF5D30C4800F008FC0B4800F00B
:10FEC00005FC0B4800F002FC0A4800F0FFFB0A4862
:10FED00000F0FCFB04480949086004480849086030
:10FEE00010BD000078100020D8140020EC14002071
:10FEF0000015002014150020281500203C040020C7
:10FF00004004002010B50146164800E00068036870
:10FF10008B42FBD30246436813448B4204D14368AF
:10FF20004C682344436001460A464B681344046806
:10FF3000A34211D10C4C03682468A34208D04B683B
:10FF40000468646823444B6003681B680B6005E029
:10FF5000054B1B680B6001E003680B60884200D012
:10FF6000016010BD90040020980400202DE9F041AC
:10FF700004460D4616461F464FF000086560246192
:10FF8000B5420CD8F01BA169884202D34FF001089A
:10FF900011E0211D0948006800F0A8FB0BE0BE42FB
:10FFA00004D2BD4202D34FF0010804E0211D0448F1
:10FFB000006800F09BFB4046BDE8F0817C04002017
:10FFC0007804002070B5054600F0AAFBA86B08B9BC
:10FFD000012400E0002400F0CDFB204670BD0000AD
:10FFE00070B505460E460E480068C068C468201DFE
:10FFF00000F040FB94F8280000F0040028B13246DD
:020000040801F1
:100000002946204600F0EEF805E094F8280000F0BC
:10001000FE0084F828002046216A884770BD000051
:100020007804002070B586B094E00298002811DAB8
:1000300003AE56B900BF502080F31188BFF34F8F35
:10004000BFF36F8F00BF00BFFEE7D6E90020B168A5
:10005000904700BF029800287CDB049C606908B9C7
:10006000012000E0002010B9201D00F003FB01A8D2
:1000700000F0E4F8054602980A2869D2DFE800F0AB
:100080006805072E365806082F3700BF00BF00BF8F
:1000900094F8280040F0010084F828000398A26931
:1000A000811803462A462046FFF760FFA8B194F85E
:1000B000280000F0040038B10398A26981182A468C
:1000C000204600F08FF805E094F8280000F0FE00CC
:1000D00084F828002046216A88473AE000BF94F857
:1000E000280000F0FE0084F8280032E000BF94F8F9
:1000F000280040F0010084F828000398A061A0695E
:1001000008B1012000E0002050B900BF502080F36A
:100110001188BFF34F8FBFF36F8F00BF00BFFEE7A3
:10012000A06941192B462A462046FFF71FFF10E021
:1001300094F8280000F0020018B9204600F038FBBF
:1001400005E094F8280000F0FE0084F8280000E0A4
:1001500000BF00BF002202A90448006800F098FF19
:1001600000287FF462AF06B070BD0000800400205C
:10017000F8B505460C4600F0F7FC684600F05EF85E
:100180000646009820BB44B9B54206D801F020FBD2
:1001900031462846FFF724FF1CE03CB10E480068BA
:1001A000006808B9012000E000200446A91B22468F
:1001B0000A48006800F0C2FB01F00AFB50B94FF09A
:1001C000805007490860BFF34F8FBFF36F8F01E086
:1001D00001F0FEFAF8BD00007C040020800400203D
:1001E00004ED00E070B504460D46164604E0A06933
:1001F00005442046216A8847A06941192B463246AA
:100200002046FFF7B3FE0028F1D170BD0948006811
:10021000006808B9012000E0002020B14FF0FF3055
:100220000549086005E003480068C06800680249A5
:10023000086070473C0400206804002070B5044644
:1002400001F036F9054607480068854204D200F0FF
:100250000BF80120206001E00020206001480560CB
:10026000284670BD8804002070B508E00D4800687D
:10027000C06804684FF0FF312046FFF7B1FE09481F
:100280000068006808B9012000E000200028EDD0D7
:10029000044805680448006802490860024805608F
:1002A00070BD0000780400207C0400200E48006827
:1002B000401C08B9012000E0002050B900BF5020C8
:1002C00080F31188BFF34F8FBFF36F8F00BF00BF64
:1002D000FEE700BF502080F31188BFF34F8FBFF3BC
:1002E0006F8F00BF00BFFEE7AC04002008B500BF61
:1002F0006846FFF7F7FC044620460099FFF738FFF1
:10030000FFF790FEF4E770B5044600F009FA94F99F
:10031000455010E0606A08B9012000E0002038B9BB
:1003200004F1240001F0BAF918B100F067FB00E015
:1003300003E0681E45B2002DECDC00BFFF2084F80E
:10034000450000F017FA00F0EBF994F9445010E082
:10035000206908B9012000E0002048B904F110002C
:1003600001F09CF908B100F049FB681E45B200E0BD
:1003700001E0002DECDC00BFFF2084F8440000F019
:10038000F9F970BD2DE9F04704464FF0000900F07F
:10039000EBFB4948006808B9FFF7B8FCDCB114F181
:1003A000090F01D9012000E0002098B9083404F0B9
:1003B000070080B104F00700C0F10808C8F1FF3061
:1003C000A04201D2012000E0002008B9444402E02C
:1003D000002400E00024012000EBE470002853D04A
:1003E000002C51D03548006884424DD8344E3046F8
:1003F000056801E02E462D686868A04202D2286890
:100400000028F7D12C48006885423DD0306800F1C3
:100410000809286830606868001B102819D92F194E
:1004200007F0070008B9012000E0002050B900BF24
:10043000502080F31188BFF34F8FBFF36F8F00BF41
:1004400000BFFEE76868001B78606C603846FFF705
:1004500059FD1A4968680968081A18490860084669
:10046000006818490968884203D214480068154991
:100470000860686840F0004068600020286012480A
:100480000068401C1049086001F0A2F909F007005B
:1004900008B9012000E0002050B900BF502080F3CF
:1004A0001188BFF34F8FBFF36F8F00BF00BFFEE710
:1004B0004846BDE8F0870000980400209C04002016
:1004C00090040020A0040020A4040020001F4FF08E
:1004D00080730360001F21F001030360001F054BC0
:1004E000036014380260001F6FF0020303602038BD
:1004F00070470000AD02010810B52DED068BB0EE7F
:10050000408B78EEC80AB0EE600A00F07FFBF0EE98
:10051000409AFEF715FBB0EE409A9FED0A0AB0EE46
:1005200040AA9FED080AB4EEC09AF1EE10FA06DD7B
:100530009FED050A30EE490ABDEC068B10BDB0EE0A
:10054000490AF9E7DB0F4940DB0FC94010B500EE5F
:10055000100A2DED028BB1EEC08A18EE100A20F0C1
:100560000040C0F1FF40C00F0AD010EE100A20F08A
:100570000040C0F1FF40C00F04BF0120F0F79CF91C
:1005800018EE100ABDEC028B10BD000010B52DED69
:10059000068BB0EE409AF0EE608AF0EE419A044687
:1005A000B0EE000A29EE000A20EE280AB0EE40AABA
:1005B0009FED210AB4EEC0AAF1EE10FA03D200209A
:1005C000BDEC068B10BD29EE090A08EEA80A09EE5B
:1005D000E90A80EE0A8A9FED190AB4EEC08AF1EEAC
:1005E00010FA01DD0020EBE7B7EE000AB4EEC08A96
:1005F000F1EE10FA03DDB7EE000AB0EE408A9FED8F
:10060000100AB4EEC08AF1EE10FA01D20020D7E74A
:10061000BFEE000AB4EEC08AF1EE10FA03D2BFEECC
:10062000000AB0EE408AB0EE480AFEF799FA84ED6F
:10063000000A0120C4E70000BD3786350800803F6E
:10064000080080BFB0EE401A30EEC10AF0EE401A4A
:1006500000EE100AB8EEC00A20EE212A01228A40DC
:10066000521E00EE102AF8EEC02A82EE220A30EE68
:10067000010A704701460A69D1E901309860D1E961
:10068000010358605068884201D18868506000209A
:1006900008611068401E106010687047034B0360CB
:1006A000034B0B608023136070470000541600203A
:1006B000B0160020034B0360034B0B604FF48073B4
:1006C00013607047B01800200C19002000F10801D9
:1006D00041604FF0FF31816000F10801C1600161AC
:1006E00000210160704700210161704710B502468A
:1006F0000B685C1C0CB9106907E002F1080000E00F
:100700004068446824689C42FAD944684C604C684C
:10071000A160886041600A611468641C146010BDA7
:1007200000BF502080F31188BFF34F8FBFF36F8F4E
:1007300000BF0E480068401C0C490860084600686D
:10074000012812D10A480068C0B208B9012000E0AF
:10075000002050B900BF502080F31188BFF34F8FA5
:10076000BFF36F8F00BF00BFFEE77047AC040020EF
:1007700004ED00E00D48006850B900BF502080F340
:100780001188BFF34F8FBFF36F8F00BF00BFFEE72D
:1007900006480068401E054908600846006820B900
:1007A000002080F3118800BF00BF7047AC04002018
:1007B00070B506463546002E3BD0083D2C46606895
:1007C000C00F50B900BF502080F31188BFF34F8F86
:1007D000BFF36F8F00BF00BFFEE7206808B901209C
:1007E00000E0002050B900BF502080F31188BFF313
:1007F0004F8FBFF36F8F00BF00BFFEE76068C00F71
:10080000B8B12068A8B9606820F00040606000F0CE
:10081000ABF9084960680968084406490860204641
:10082000FFF770FB04480068401C0349086000F0B3
:10083000CFFF70BD9C040020A804002000204FF0D2
:10084000E02108618861064800684FF47A71B0FBC6
:10085000F1F0401E4FF0E021486107200861704729
:100860002800002070B5EFF70FFE0446102C16D3B9
:1008700004F1E02090F8F05315480078854201DB40
:10088000012000E0002050B900BF502080F3118803
:10089000BFF34F8FBFF36F8F00BF00BFFEE70D4860
:1008A000006800F4E0600C490968884201D8012022
:1008B00000E0002050B900BF502080F31188BFF342
:1008C0004F8FBFF36F8F00BF00BFFEE770BD00000A
:1008D000B00400200CED00E0B404002030B5024666
:1008E0000B46002152B900BF502484F31188BFF396
:1008F0004F8FBFF36F8F00BF00BFFEE7BBB100207B
:1009000012E00D4C04EBC0046468944203D10A4C1D
:1009100004EBC0010AE031B9074C54F8304014B977
:10092000054C04EBC001401C0828EAD300BF09B104
:100930000B604A6030BD0000381000202DE9F04106
:1009400005460E4617462C46FFF7EAFE94F944008A
:10095000401C10B9002084F8440094F94500401C64
:1009600010B9002084F84500FFF704FFA06B28B9F8
:100970003A46314604F1240000F062F82046FFF7C1
:10098000C2FCBDE8F081000070B504460025D4B17A
:100990001248006808B9012000E0002050B900BFEB
:1009A000502080F31188BFF34F8FBFF36F8F00BFCC
:1009B00000BFFEE700F0D8F800212046FFF728F836
:1009C00000F006FF05463DB94FF08050044908602D
:1009D000BFF34F8FBFF36F8F70BD00007404002012
:1009E00004ED00E0034909680160034909684160BA
:1009F00070470000600400204C04002001200149E1
:100A0000086070475C04002070B504460D4654B978
:100A100000BF502080F31188BFF34F8FBFF36F8F5B
:100A200000BF00BFFEE70548016818312046FFF708
:100A30005DFE01212846FEF7EBFF70BD3804002063
:100A400070B504460E46154654B900BF502080F3D9
:100A50001188BFF34F8FBFF36F8F00BF00BFFEE75A
:100A600000BF60680F490968C8610E49826809685B
:100A70000A620C490968183182685160094909689D
:100A800018318160074909688C622168491C21601E
:100A900000BF0DB14FF0FF3629463046FEF7B8FFD4
:100AA00070BD00003804002010B586B0002005900D
:100AB000049003AA04A905A8FFF7F0FD0022DDE9D0
:100AC00004101346CDE9002102901FA12048039A8B
:100AD00000F010FC1F4908600846006808B10124B6
:100AE00000E00024012C02D100F03AFF0446012C62
:100AF00015D100BF502080F31188BFF34F8FBFF393
:100B00006F8F00BF4FF0FF30134908600120134979
:100B1000086000201249086000F030F910E0601C05
:100B200008B1012000E0002050B900BF502080F340
:100B30001188BFF34F8FBFF36F8F00BF00BFFEE779
:100B40000848006806B010BD49444C45000000004C
:100B50007DFD00086C04002068040020540400207F
:100B60004C0400207004002002480068401C014929
:100B700008607047740400201F48006818B1012005
:100B80001E49086036E000201C49086000BF1C4870
:100B900001680CE051B900BF502080F31188BFF309
:100BA0004F8FBFF36F8F00BF00BFFEE7491E01EB01
:100BB0008100144A52F8200008B9012000E000200A
:100BC0000028E7D100BF01EB81020E4B03EB82004E
:100BD00042685268426000F108024368934201D1C2
:100BE000C26842604268D268074B1A6000BF04487E
:100BF000016000BF70470000740400205C04002006
:100C000050040020781000203804002010B52DED8D
:100C1000048BB0EE408A9FED170AF0EE408A9FEDFC
:100C2000160AB0EE409ADFED130AB0EE480AFDF75F
:100C3000A9FAB0EE408A9FED100AB4EEC08AF1EE38
:100C400010FA05DD9FED0B0A38EE400AB0EE408A3F
:100C50009FED0A0AB4EEC08AF1EE10FA05D29FEDBC
:100C6000050A38EE000AB0EE408AB0EE480ABDEC44
:100C7000048B10BDDB0FC940DB0F4940DB0F49C0BF
:100C800010B52DED048BB0EE408A9FED170AF0EE03
:100C9000408A9FED160AB0EE409ADFED130AB0EEDF
:100CA000480AFDF76FFAB0EE408A9FED100AB4EEE5
:100CB000C08AF1EE10FA05DD9FED0B0A38EE400A0E
:100CC000B0EE408A9FED0A0AB4EEC08AF1EE10FA47
:100CD00005D29FED050A38EE000AB0EE408AB0EE6C
:100CE000480ABDEC048B10BDDB0FC940DB0F494047
:100CF000DB0F49C010B52DED028BB0EE408A9FEDA1
:100D00000D0AF0EE408ADFED0B0AB0EE480AFDF75F
:100D100039FAB0EE408AB5EEC08AF1EE10FA06D28A
:100D20009FED040A38EE000ABDEC028B10BDB0EE58
:100D3000480AF9E7DB0FC94010B52DED028BB0EE84
:100D4000408A9FED0D0AF0EE408ADFED0B0AB0EE0F
:100D5000480AFDF717FAB0EE408AB5EEC08AF1EE08
:100D600010FA06D29FED040A38EE000ABDEC028BA1
:100D700010BDB0EE480AF9E7DB0FC9400EB5524886
:100D800000685249884201D0012000E0002050B99B
:100D900000BF502080F31188BFF34F8FBFF36F8FD8
:100DA00000BF00BFFEE7484800684849491E884226
:100DB00001D0012000E0002050B900BF502080F396
:100DC0001188BFF34F8FBFF36F8F00BF00BFFEE7E7
:100DD000002001903E49084600780290FF200A4614
:100DE00010700846007800909DF8000000F0500058
:100DF000384A10701046007850B900BF502080F378
:100E00001188BFF34F8FBFF36F8F00BF00BFFEE7A6
:100E10009DF800205020904308B9012000E00020F8
:100E200050B900BF502080F31188BFF34F8FBFF33C
:100E30006F8F00BF00BFFEE707E00198401C0190E4
:100E40009DF800004006000E00909DF8000000F0A4
:100E500080008028F1D00198082803D100201E4A84
:100E6000106004E00198C0F107001B4A10601A48A6
:100E700000680002184A10601046008800F4E06024
:100E800010609DF80800124A10700F48203000686A
:100E900040F47F000C49203108600846006840F0AB
:100EA0007F400860FFF7CAFC00200C490860EFF79C
:100EB000B3FA0B48006840F0404009490860EFF77A
:100EC00097FA00200EBD000000ED00E071C20F4156
:100ED00000E400E0B0040020B4040020AC040020D2
:100EE00034EF00E010B500BF502080F31188BFF34D
:100EF0004F8FBFF36F8F00BF00F0EAFA18B14FF0C9
:100F000080500449086000BF002080F3118800BFB2
:100F100010BD000004ED00E02DE9F84380460E46C8
:100F200017461C46DDF82090002554B900BF50201C
:100F300080F31188BFF34F8FBFF36F8F00BF00BFE7
:100F4000FEE7B8F1000F25D024B307B116B307B9F7
:100F500006BB502000900098502801D1012000E0ED
:100F6000002050B900BF502080F31188BFF34F8F8D
:100F7000BFF36F8F00BF00BFFEE700BF2546012013
:100F800085F846004B463A46314640460095FEF706
:100F900009FF0BE055B900BF502080F31188BFF363
:100FA0004F8FBFF36F8F00BF00BFFEE72846BDE83D
:100FB000F88300002DE9F04105460E4601272C4636
:100FC00054B900BF502080F31188BFF34F8FBFF397
:100FD0006F8F00BF00BFFEE7002C42D0E06B0028FF
:100FE0003FD04FF0FF31E06BB1FBF0F0216C884255
:100FF00037D3FFF795FBD4E90F12206801FB0200FD
:10100000A0600020A06320686060E06B401E226C3E
:10101000216800FB0211E160FF2084F8440084F89D
:1010200045009EB9206908B9012000E00020A8B958
:1010300004F1100000F032FB80B14FF080501349F2
:101040000860BFF34F8FBFF36F8F07E004F110000C
:10105000FFF73CFB04F12400FFF738FBFFF78AFBA6
:1010600000E000270FB1012000E0002050B900BFD0
:10107000502080F31188BFF34F8FBFF36F8F00BFF5
:1010800000BFFEE73846BDE8F081000004ED00E057
:101090002DE9F74183B005460E464FF000082C4677
:1010A00054B900BF502080F31188BFF34F8FBFF3B6
:1010B0006F8F00BF00BFFEE70EB9206C08B901209A
:1010C00000E0002050B900BF502080F31188BFF32A
:1010D0004F8FBFF36F8F00BF00BFFEE700F0D8F95E
:1010E00008B9059808B9012000E0002050B900BFF8
:1010F000502080F31188BFF34F8FBFF36F8F00BF75
:1011000000BFFEE700BFFFF70BFBA76BF7B131464F
:101110002046FEF7A9FD781EA063206908B90120CA
:1011200000E0002060B904F1100000F0B7FA38B117
:101130004FF080502F490860BFF34F8FBFF36F8F80
:10114000FFF718FB012006B0BDE8F081059818B93B
:10115000FFF710FB0020F6E7B8F1000F04D101A85B
:10116000FFF740FC4FF00108FFF704FBFFF7FCFC22
:10117000FFF7D6FA94F94400401C10B9002084F817
:10118000440094F94500401C10B9002084F8450043
:10119000FFF7F0FA05A901A800F02EF8F0B92046F3
:1011A000FEF710FFA0B104F124000599FFF72CFC15
:1011B0002046FFF7A8F800F00BFB0028A3D14FF062
:1011C00080500C490860BFF34F8FBFF36F8F9AE7D1
:1011D0002046FFF798F800F0FBFA94E72046FFF767
:1011E00092F800F0F5FA2046FEF7ECFE00288AD0CF
:1011F0000020A8E704ED00E070B505460C4655B99F
:1012000000BF502080F31188BFF34F8FBFF36F8F63
:1012100000BF00BFFEE754B900BF502080F3118823
:10122000BFF34F8FBFF36F8F00BF00BFFEE7FFF725
:1012300077FA134802686868131A2068401C08B9D6
:10124000002619E00F4928680968884206D06868B6
:10125000904203D80126002020600DE020689842CB
:1012600007D92068C01A20602846FFF7BBFB00267C
:1012700002E0002020600126FFF77CFA304670BDB6
:101280004C040020600400202DE9FF4F85B080460B
:1012900089461746DDE912ABB800FFF773F806463A
:1012A00076B15C20FFF76EF804462CB15C21204635
:1012B000EFF759FA266304E03046FFF779FA00E0C9
:1012C00000248CB1002084F85900CDE900ABCDE9B1
:1012D00002403A4649464046089BFEF778FD2046C4
:1012E000FEF7EAFB012501E04FF0FF35284609B083
:1012F000BDE8F08F2DE9F04F85B00746884691464E
:101300009A46DDE90EB6109C0EB1012000E00020E7
:1013100050B900BF502080F31188BFF34F8FBFF347
:101320006F8F00BF00BFFEE70CB1012000E000207E
:1013300050B900BF502080F31188BFF34F8FBFF327
:101340006F8F00BF00BFFEE75C20039003985C280E
:1013500001D1012000E0002050B900BF502080F3EF
:101360001188BFF34F8FBFF36F8F00BF00BFFEE741
:1013700000BFD4B1CEB125465C212846EFF7F3F982
:101380002C462E63022085F85900002004A95346FC
:101390004A46CDE900B1CDE9025041463846FEF754
:1013A00016FD2846FEF788FB01E000200490049813
:1013B00005B0BDE8F08F00002DE9F04704460F4668
:1013C0004FF0000954B900BF502080F31188BFF3DB
:1013D0004F8FBFF36F8F00BF00BFFEE70FB101203B
:1013E00000E0002050B900BF502080F31188BFF307
:1013F0004F8FBFF36F8F00BF00BFFEE7214800682B
:1014000008B9012000E0002050B900BF502080F34F
:101410001188BFF34F8FBFF36F8F00BF00BFFEE790
:10142000FFF7A2FB184806682068C5192068B0427B
:1014300007D92068A8420BD9B54209D94FF0010954
:1014400006E02068A84201D8B54201D94FF0010951
:101450002560B9F1000F03D0A81B0021FEF7D8FAD0
:1014600000F0B6F98046B8F1000F07D14FF0805078
:1014700006490860BFF34F8FBFF36F8F4846BDE842
:10148000F0870000740400204C04002004ED00E00C
:101490000549096809B9012005E00449096809B945
:1014A000022000E000207047540400207404002053
:1014B00001490868704700004C04002070B5FFF730
:1014C000D1F9002501480468204670BD4C04002075
:1014D0002DE9F0414FF000086548006800287DD1F3
:1014E00064480068451C634805601DBB00BF624836
:1014F0000068006808B9012000E0002050B900BF72
:10150000502080F31188BFF34F8FBFF36F8F00BF60
:1015100000BFFEE758480768584800685649086009
:101520005648076056480068401C55490860FEF759
:101530006DFE00BF5348006885427FD300BF4E4810
:101540000068006808B9012000E0002020B14FF0D9
:10155000FF304C49086070E047480068C068C468C4
:101560006668B54202D24748066066E000BF60691F
:10157000D4E902128A60D4E902214A60211D42683E
:101580008A4201D1E1684160002262610168491E1E
:10159000016000BFA06AA0B100BFA06AD4E9071231
:1015A0008A60D4E907214A6004F1180142688A423E
:1015B00001D1216A41600022A2620168491E0160D6
:1015C00000BF00BF00BF3049E06A0968884202D905
:1015D0002D49E06A086000BF00BF00E040E0E16A1A
:1015E00001EB8101294A02EB81014868A060826811
:1015F000E260211D826851608160E16A01EB810136
:10160000224A02EB81026261E16A01EB81011F4A19
:1016100052F82110491CE26A02EB82021B4B43F88C
:10162000221000BF00BF1A49E06A0968C96A8842EF
:1016300085D94FF0010882E700E000BF1448006838
:10164000C06A00EB8000114951F82000012801D93F
:101650004FF001080F48006808B14FF0010804E09E
:101660000D480068401C0C4908604046BDE8F08108
:10167000740400204C0400203C040020400400209E
:10168000600400206804002050040020781000202E
:10169000380400205C0400205804002070B5034684
:1016A000D868C16851B900BF502080F31188BFF3DA
:1016B0004F8FBFF36F8F00BF00BFFEE700BF886A88
:1016C000D1E90745A560D1E90754656001F1180427
:1016D0004568A54201D10C6A446000258D6204680A
:1016E000641E046000BF34480068002843D100BF76
:1016F0004869D1E90245A560D1E9025465600C1D35
:101700004568A54201D1CC68446000254D6104685C
:10171000641E046000BF00BF00BF284CC86A246874
:10172000A04202D9254CC86A206000BF00BFCC6A25
:1017300004EB8404224D05EB8404606888608568AE
:10174000CD600C1D85686C608460CC6A04EB8404F9
:101750001B4D05EB84054D61CC6A04EB8404184DE8
:1017600055F82440641CCD6A05EB8505144E46F8F7
:10177000254000BF11E000BF124C6068C861856859
:101780000D6201F1180485686C6084600D4D8D62F6
:101790002C462468641C2C6000BF0B4CC86A24686B
:1017A000E46AA04204D901220120084C206000E034
:1017B0000022104670BD0000740400205004002078
:1017C0007810002000150020380400205C04002060
:1017D00070B5002400265948006808B1012000E0D7
:1017E000002050B900BF502080F31188BFF34F8F05
:1017F000BFF36F8F00BF00BFFEE7FEF791FF4F48BA
:101800000068401E4D4908600846006800286ED1F7
:101810004B48006800286AD064E04A48C068C46841
:1018200000BFA06AD4E907128A60D4E907214A60A0
:1018300004F1180142688A4201D1216A4160002204
:10184000A2620168491E016000BF00BF6069D4E95F
:1018500002128A60D4E902214A60211D42688A424C
:1018600001D1E1684160002262610168491E0160A6
:1018700000BF00BF00BF3449E06A0968884202D94E
:101880003149E06A086000BF00BFE16A01EB8101F5
:101890002E4A02EB81014868A0608268E260211D47
:1018A000826851608160E16A01EB8101274A02EBA5
:1018B00081026261E16A01EB8101244A52F8211040
:1018C000491CE26A02EB8202204B43F8221000BF5F
:1018D00000BF1F49E06A0968C96A884202D901202D
:1018E0001C4908601748006810B9012001E020E099
:1018F0000020002891D00CB1FEF788FC164805683E
:1019000065B100BFFFF7E4FD10B101201149086087
:101910006D1E002DF6D100200F4908600D480068AB
:1019200038B1012630070D490860BFF34F8FBFF370
:101930006F8FFEF71FFF304670BD0000740400205B
:1019400048040020001500205004002078100020DA
:10195000380400205C0400205804002004ED00E05E
:1019600010B586B00024FEF721F916480068D0B102
:1019700000200590049003AA04A905A8FEF79AFE8A
:101980000222DDE904100023CDE9002102900EA11E
:101990000F48039AFFF7AEFC0E490860084600683E
:1019A00000B1012400BF54B900BF502080F311885A
:1019B000BFF34F8FBFF36F8F00BF00BFFEE720461E
:1019C00006B010BD80040020546D72205376630071
:1019D000ED020108840400200EF1020E2EF0030E29
:1019E0005EF8044B244204D44FEA4102B2F17F4F27
:1019F00011D84FEA4003B3F17F4F0CD80ED14FEA14
:101A0000D07CB2F17F4F0CEB4C0C0CF1020C08BFF8
:101A10004CEBD17C04E04FF0080C01E04FEAD17CA4
:101A20000CEB4C0324FA03F404F00704B4F1040CA7
:101A300006D20EEB840CBDE810404CF0010C604760
:101A4000DFE80CF0070802024FF00040A0F580002C
:101A500010BD0846420018BFD2F1807288BF00F066
:101A6000004010BD4FF04070E1EE100A70470000DA
:101A70004FF07F4C3CEA410318BF3CEA400200F0C3
:101A800062804FF47F0C10F0004F0CEAD11318BFA6
:101A900043F005031CEAD01218BF13EA0C0F00F044
:101AA00057804FF0004C4CEA00204CEA0121A3F58E
:101AB00080339A4210DDB0F1004F23F0020306D3C9
:101AC000401A43F00203BCBF404283F001034FEAD7
:101AD0004000A2F58032ECE74FEA224CBCEB234FEA
:101AE00008DB884206D31CD0A0EB4100C0F1000007
:101AF00083F0010340001DD217D40DD0B0FA80FC52
:101B00000CF1010C00FA0CF0A2EB0C42D2F1000C2B
:101B100012DB4FEAC37070474FEA437000F0004099
:101B2000704713F0020FE5D0DEE7B2F580324FEADE
:101B30004000EBDD002AE9DD4FEAC21242EA502004
:101B400040EAC370704710B5FFF746FFEDFFFF3E58
:101B50001CEAD11F02D000F00040704700487047D7
:101B60000000C07F0000803F0000004000004040B7
:101B7000000080400000A0400000C0400000E040A5
:101B8000000000411C1E01080000000000000000D1
:101B90000000000000000000000800002800000015
:101BA0000000000000000000281E010800000000E6
:101BB000000000000000000000000000000800001D
:101BC000280000000000000000000000281E01089E
:101BD0000000000000000000000000000000000005
:101BE00000080000280000000000000000000000C5
:101BF000101E0108000000000000000000000000AE
:101C000000000000000200001800000000000000BA
:101C10000000000000061016000610160001020366
:101C200004050607080C10141820304000000000BE
:101C300000000000000000000000000000000000A4
:101C4000010000000200000003000000040000008A
:101C5000000000000500000000000000000000007F
:101C6000000000000600000000000000000000006E
:101C70000000000007000000010002000400060050
:101C800008000A000C001000200040008000000145
:101C90000101010307010000080402040801010119
:101CA0000000000001020304010203040607080902
:101CB0000000803F00000000000000000000000065
:101CC0000000000000000000000000000000803F55
:101CD0000000000000000000000000000000000004
:101CE00000000000000000000000803F0000000035
:101CF00000000000000000000000000000000000E4
:101D0000000000000000803F000000000000000014
:101D100000000000000000000000000000000000C3
:101D20000000803F000000000000000000000000F4
:101D30000000000000000000000000000000803FE4
:101D40000000803F000000000000000000000000D4
:101D50000000803F000000000000000000000000C4
:101D60000000803F0000000000000000F2D21C4193
:101D70004FBB610567ACDD3F182D4454FB21E93FA3
:101D80009BF681D20B73EF3F182D4454FB21F93F92
:101D9000E2652F227F2B7A3C075C143326A6813C18
:101DA000BDCBF07A8807703C075C143326A6913CC3
:101DB000C4EB98999999C9BF711623FEC671BCBF2F
:101DC0006D9A74AFF2B0B3BF9AFDDE522DDEADBF97
:101DD0002F6C6A2C44B4A2BF0D5555555555D53FAF
:101DE000FF8300922449C23F6E204CC5CD45B73FCA
:101DF000513DD0A0660DB13FEB0D76244B7BA93F42
:101E000011DA22E33AAD903F00000000000000002C
:101E100064656661756C745461736B00494E535F01
:101E20007461736B000000004C65675F5461736BF5
:101E30007300000000000000920E493CB10AC93C4A
:101E40002BC3163D2EFB483D752B7B3D04A9963DCB
:101E500080B6AF3D36BDC83D2FBCE13D73B2FA3D03
:101E600087CF093E8340163EB5AB223EA2102F3EDF
:101E7000CF6E3B3EC2C5473E0115543E135C603EEB
:101E80007F9A6C3ECCCF783EC07D823E938E883E5A
:101E9000229A8E3E32A0943E86A09A3EE59AA03EBB
:101EA000128FA63ED47CAC3EEF63B23E2A44B83ECD
:101EB000491DBE3E15EFC33E53B9C93ECA7BCF3E56
:101EC0004136D53E80E8DA3E4F92E03E7533E63E3D
:101ED000BBCBEB3EEA5AF13ECBE0F63E275DFC3E43
:101EE000E4E7003F3D9C033F824B063F9BF5083FE4
:101EF0006B9A0B3FDA390E3FCDD3103F2A68133F60
:101F0000D9F6153FC07F183FC6021B3FD17F1D3F4A
:101F1000CBF61F3F9967223F25D2243F5636273FF5
:101F20001594293F4AEB2B3FDE3B2E3FBB85303FCC
:101F3000C9C8323FF304353F233A373F4268393F3F
:101F40003B8F3B3FF9AE3D3F67C73F3F70D8413FB6
:101F500001E2433F03E4453F65DE473F12D1493F7D
:101F6000F8BB4B3F029F4D3F207A4F3F3D4D513FC5
:101F70004918533F31DB543FE595563F5348583F8E
:101F80006AF2593F1A945B3F532D5D3F05BE5E3F99
:101F90002146603F97C5613F5A3C633F59AA643F61
:101FA000880F663FD86B673F3CBF683FA7096A3F11
:101FB0000C4B6B3F5E836C3F93B26D3F9ED86E3F80
:101FC00073F56F3F0809713F5213723F4714733F17
:101FD000DD0B743F0BFA743FC6DE753F07BA763FE0
:101FE000C58B773FF853783F9812793F9DC7793F6B
:101FF00002737A3FBE147B3FCDAC7B3F283B7C3FD6
:10200000C9BF7C3FAC3A7D3FCCAB7D3F23137E3FC5
:10201000B0707E3F6DC47E3F580E7F3F6D4E7F3F58
:10202000AB847F3F0FB17F3F97D37F3F43EC7F3F30
:1020300011FB7F3F0000803F11FB7F3F43EC7F3F60
:1020400097D37F3F0FB17F3FAB847F3F6D4E7F3F84
:10205000580E7F3F6DC47E3FB0707E3F23137E3F9E
:10206000CCAB7D3FAC3A7D3FC9BF7C3F283B7C3F3A
:10207000CDAC7B3FBE147B3F02737A3F9DC7793F57
:102080009812793FF853783FC58B773F07BA763F70
:10209000C6DE753F0BFA743FDD0B743F4714733F88
:1020A0005213723F0809713F73F56F3F9ED86E3F20
:1020B00093B26D3F5E836C3F0C4B6B3FA7096A3F49
:1020C0003CBF683FD86B673F880F663F59AA643FA3
:1020D0005A3C633F97C5613F2146603F05BE5E3F66
:1020E000532D5D3F1A945B3F6AF2593F5348583F66
:1020F000E595563F31DB543F4918533F3D4D513F25
:10210000207A4F3F029F4D3FF8BB4B3F12D1493FD2
:1021100065DE473F03E4453F01E2433F70D8413F5E
:1021200067C73F3FF9AE3D3F3B8F3B3F4268393F7A
:10213000233A373FF304353FC9C8323FBB85303FB0
:10214000DE3B2E3F4AEB2B3F1594293F5636273F67
:1021500025D2243F9967223FCBF61F3FD17F1D3FF9
:10216000C6021B3FC07F183FD9F6153F2A68133FB0
:10217000CDD3103FDA390E3F6B9A0B3F9BF5083FEA
:10218000824B063F3D9C033FE4E7003F275DFC3E5A
:10219000CBE0F63EEA5AF13EBBCBEB3E7533E63E72
:1021A0004F92E03E80E8DA3E4136D53ECA7BCF3ED4
:1021B00053B9C93E15EFC33E491DBE3E2A44B83E41
:1021C000EF63B23ED47CAC3E128FA63EE59AA03EB1
:1021D00086A09A3E32A0943E229A8E3E938E883EEE
:1021E000C07D823ECCCF783E7F9A6C3E135C603ED1
:1021F0000115543EC2C5473ECF6E3B3EA2102F3E56
:10220000B5AB223E8340163E87CF093E73B2FA3DFE
:102210002FBCE13D36BDC83D80B6AF3D04A9963D1B
:10222000752B7B3D2EFB483D2BC3163DB10AC93CA7
:10223000920E493C00000000920E49BCB10AC9BC94
:102240002BC316BD2EFB48BD752B7BBD04A996BDC7
:1022500080B6AFBD36BDC8BD2FBCE1BD73B2FABDFF
:1022600087CF09BE834016BEB5AB22BEA2102FBEDB
:10227000CF6E3BBEC2C547BE011554BE135C60BEE7
:102280007F9A6CBECCCF78BEC07D82BE938E88BE56
:10229000229A8EBE32A094BE86A09ABEE59AA0BEB7
:1022A000128FA6BED47CACBEEF63B2BE2A44B8BEC9
:1022B000491DBEBE15EFC3BE53B9C9BECA7BCFBE52
:1022C0004136D5BE80E8DABE4F92E0BE7533E6BE39
:1022D000BBCBEBBEEA5AF1BECBE0F6BE275DFCBE3F
:1022E000E4E700BF3D9C03BF824B06BF9BF508BFE0
:1022F0006B9A0BBFDA390EBFCDD310BF2A6813BF5C
:10230000D9F615BFC07F18BFC6021BBFD17F1DBF46
:10231000CBF61FBF996722BF25D224BF563627BFF1
:10232000159429BF4AEB2BBFDE3B2EBFBB8530BFC8
:10233000C9C832BFF30435BF233A37BF426839BF3B
:102340003B8F3BBFF9AE3DBF67C73FBF70D841BFB2
:1023500001E243BF03E445BF65DE47BF12D149BF79
:10236000F8BB4BBF029F4DBF207A4FBF3D4D51BFC1
:10237000491853BF31DB54BFE59556BF534858BF8A
:102380006AF259BF1A945BBF532D5DBF05BE5EBF95
:10239000214660BF97C561BF5A3C63BF59AA64BF5D
:1023A000880F66BFD86B67BF3CBF68BFA7096ABF0D
:1023B0000C4B6BBF5E836CBF93B26DBF9ED86EBF7C
:1023C00073F56FBF080971BF521372BF471473BF13
:1023D000DD0B74BF0BFA74BFC6DE75BF07BA76BFDC
:1023E000C58B77BFF85378BF981279BF9DC779BF67
:1023F00002737ABFBE147BBFCDAC7BBF283B7CBFD2
:10240000C9BF7CBFAC3A7DBFCCAB7DBF23137EBFC1
:10241000B0707EBF6DC47EBF580E7FBF6D4E7FBF54
:10242000AB847FBF0FB17FBF97D37FBF43EC7FBF2C
:1024300011FB7FBF000080BF11FB7FBF43EC7FBF5C
:1024400097D37FBF0FB17FBFAB847FBF6D4E7FBF80
:10245000580E7FBF6DC47EBFB0707EBF23137EBF9A
:10246000CCAB7DBFAC3A7DBFC9BF7CBF283B7CBF36
:10247000CDAC7BBFBE147BBF02737ABF9DC779BF53
:10248000981279BFF85378BFC58B77BF07BA76BF6C
:10249000C6DE75BF0BFA74BFDD0B74BF471473BF84
:1024A000521372BF080971BF73F56FBF9ED86EBF1C
:1024B00093B26DBF5E836CBF0C4B6BBFA7096ABF45
:1024C0003CBF68BFD86B67BF880F66BF59AA64BF9F
:1024D0005A3C63BF97C561BF214660BF05BE5EBF62
:1024E000532D5DBF1A945BBF6AF259BF534858BF62
:1024F000E59556BF31DB54BF491853BF3D4D51BF21
:10250000207A4FBF029F4DBFF8BB4BBF12D149BFCE
:1025100065DE47BF03E445BF01E243BF70D841BF5A
:1025200067C73FBFF9AE3DBF3B8F3BBF426839BF76
:10253000233A37BFF30435BFC9C832BFBB8530BFAC
:10254000DE3B2EBF4AEB2BBF159429BF563627BF63
:1025500025D224BF996722BFCBF61FBFD17F1DBFF5
:10256000C6021BBFC07F18BFD9F615BF2A6813BFAC
:10257000CDD310BFDA390EBF6B9A0BBF9BF508BFE6
:10258000824B06BF3D9C03BFE4E700BF275DFCBE56
:10259000CBE0F6BEEA5AF1BEBBCBEBBE7533E6BE6E
:1025A0004F92E0BE80E8DABE4136D5BECA7BCFBED0
:1025B00053B9C9BE15EFC3BE491DBEBE2A44B8BE3D
:1025C000EF63B2BED47CACBE128FA6BEE59AA0BEAD
:1025D00086A09ABE32A094BE229A8EBE938E88BEEA
:1025E000C07D82BECCCF78BE7F9A6CBE135C60BECD
:1025F000011554BEC2C547BECF6E3BBEA2102FBE52
:10260000B5AB22BE834016BE87CF09BE73B2FABDFA
:102610002FBCE1BD36BDC8BD80B6AFBD04A996BD17
:10262000752B7BBD2EFB48BD2BC316BDB10AC9BCA3
:10263000920E49BC000000806826010800000020BE
:1026400004050000080300083027010800000024EA
:10265000480000006403000830270108040500203A
:10266000ACB40000800300080120321042013C900D
:10267000D003044108081250C347CDCCCC3D040917
:10268000531C110B1AC8421C01464B4040041159FF
:10269000040B14803F1C2918691C3908091134796E
:1026A00024091118A914092A30290439847995C9F3
:1026B00018A904092AC4691C094AC4A9A8E918E987
:1026C0001CE9C46930E9D06918691C0912E40916CB
:1026D0009CA988A9040120A990E980A984A970A9CE
:1026E000E0011A022507033220425BC8413C190869
:1026F000A90C0186023B371AAA018180093333EB0A
:102700003A58A08B3A3201157D04017C100F02402B
:10271000AB034101055308065804070F1608108142
:102720000911160A15800B16450C18010DE37017D8
:102730000000000000000000000000000000000099
:102740000000000000000000000000000000000089
:102750000000000000000000000000000000000079
:102760000000000000000000000000000000000069
:08277000000000000000000061
:04000005080002CD20
:00000001FF
